Age,Job,Credit amount,Duration,Purpose_car,Purpose_domestic appliances,Purpose_education,Purpose_furniture/equipment,Purpose_radio/TV,Purpose_repairs,Purpose_vacation/others,Sex_male,Housing_own,Housing_rent,Savings_moderate,Savings_no_inf,Savings_quite rich,Savings_rich,Risk_bad,Check_moderate,Check_no_inf,Check_rich,Age_cat_Young,Age_cat_Adult,Age_cat_Senior
67,2,7.063903961472068,6,0,0,0,0,1,0,0,1,1,0,0,1,0,0,0,0,0,0,0,0,1
22,2,8.691314551644853,48,0,0,0,0,1,0,0,0,1,0,0,0,0,0,1,1,0,0,0,0,0
49,1,7.647786045440933,12,0,0,1,0,0,0,0,1,1,0,0,0,0,0,0,0,1,0,0,1,0
45,2,8.97233695775495,42,0,0,0,1,0,0,0,1,0,0,0,0,0,0,0,0,0,0,0,1,0
53,2,8.490849216076635,24,1,0,0,0,0,0,0,1,0,0,0,0,0,0,1,0,0,0,0,1,0
35,1,9.111072370317514,36,0,0,1,0,0,0,0,1,0,0,0,1,0,0,0,0,1,0,1,0,0
53,2,7.949797216161852,24,0,0,0,1,0,0,0,1,1,0,0,0,1,0,0,0,1,0,0,1,0
35,3,8.846209127360996,36,1,0,0,0,0,0,0,1,0,1,0,0,0,0,0,1,0,0,1,0,0
61,1,8.025843344150903,12,0,0,0,0,1,0,0,1,1,0,0,0,0,1,0,0,1,0,0,0,1
28,3,8.562931083090092,30,1,0,0,0,0,0,0,1,1,0,0,0,0,0,1,1,0,0,1,0,0
25,2,7.166265974133638,12,1,0,0,0,0,0,0,0,0,1,0,0,0,0,1,1,0,0,0,0,0
24,2,8.36822903827628,48,0,0,0,0,0,0,0,0,0,1,0,0,0,0,1,0,0,0,0,0,0
22,2,7.356918242356021,12,0,0,0,0,1,0,0,0,1,0,0,0,0,0,0,1,0,0,0,0,0
60,1,7.089243155027514,24,1,0,0,0,0,0,0,1,1,0,0,0,0,0,1,0,0,0,0,1,0
28,2,7.246368080102461,15,1,0,0,0,0,0,0,0,0,1,0,0,0,0,0,0,0,0,1,0,0
32,1,7.156176637480615,24,0,0,0,0,1,0,0,0,1,0,1,0,0,0,1,0,0,0,1,0,0
53,2,7.793174347189205,24,0,0,0,0,1,0,0,1,1,0,0,1,0,0,0,0,1,0,0,1,0
25,2,8.996156562033445,30,0,0,0,0,0,0,0,1,1,0,0,1,0,0,0,0,0,0,0,0,0
44,3,9.439784035838873,24,1,0,0,0,0,0,0,0,0,0,0,0,0,0,1,1,0,0,0,1,0
31,2,8.140315540159985,24,0,0,0,0,1,0,0,1,1,0,0,0,1,0,0,0,1,0,1,0,0
48,2,7.665753431861699,9,1,0,0,0,0,0,0,1,1,0,0,0,0,0,0,0,1,0,0,1,0
44,2,7.881182202227102,6,0,0,0,0,1,0,0,1,0,1,0,0,1,0,0,0,0,0,0,1,0
48,1,7.714677473800927,10,1,0,0,0,0,0,0,1,0,1,0,0,0,0,0,0,0,0,0,1,0
44,2,7.4977617006225685,12,1,0,0,0,0,0,0,1,1,0,1,0,0,0,0,1,0,0,0,1,0
26,2,7.634820677745543,10,0,0,0,1,0,0,0,1,1,0,0,1,0,0,0,0,1,0,1,0,0
36,1,7.2254814727822945,6,0,0,0,1,0,0,0,1,1,0,0,0,0,0,0,0,0,0,0,1,0
39,1,6.054439346269371,6,0,0,0,0,1,0,0,1,1,0,0,0,0,0,0,0,1,0,0,1,0
42,2,6.013715156042802,12,0,0,0,0,1,0,0,0,0,1,0,0,0,1,0,0,0,1,0,1,0
34,2,7.789454566086673,7,0,0,0,0,1,0,0,1,1,0,0,0,0,0,0,1,0,0,1,0,0
63,2,8.829958044235482,60,0,0,0,0,0,0,0,1,1,0,0,0,0,0,1,0,0,0,0,0,1
36,2,7.556427969440253,18,0,0,0,0,0,0,0,1,1,0,0,0,0,1,0,1,0,0,0,1,0
27,2,8.299037181613066,24,0,0,0,1,0,0,0,1,1,0,0,0,0,0,0,0,0,0,1,0,0
30,2,8.676928249537397,18,1,0,0,0,0,0,0,1,1,0,1,0,0,0,0,1,0,0,1,0,0
57,1,7.142036574706803,12,0,0,0,0,0,0,0,1,0,1,0,1,0,0,0,0,1,0,0,1,0
33,3,7.295735072749282,12,0,0,0,1,0,0,0,0,1,0,0,0,0,0,0,0,0,1,1,0,0
25,1,8.465057436995709,45,0,0,0,0,1,0,0,1,1,0,0,0,0,0,1,1,0,0,0,0,0
31,2,8.71768205216564,48,0,0,1,0,0,0,0,1,0,0,0,0,0,0,0,0,1,0,1,0,0
37,2,7.649692623711514,18,0,0,0,0,1,0,0,1,1,0,0,0,0,0,1,0,0,1,0,1,0
37,2,7.110696122978827,10,0,1,0,0,0,0,0,1,1,0,0,0,0,0,0,0,0,1,0,1,0
24,2,6.126869184114185,9,0,0,0,0,1,0,0,1,1,0,0,0,0,0,0,1,0,0,0,0,0
30,3,7.75491027202143,30,0,0,0,0,1,0,0,1,1,0,0,0,1,0,0,0,1,0,1,0,0
26,2,7.05444965813294,12,0,0,0,0,1,0,0,1,1,0,0,0,1,0,0,1,0,0,1,0,0
44,1,8.73294952429643,18,0,0,0,0,0,1,0,1,1,0,0,0,0,0,0,1,0,0,0,1,0
24,2,8.73020559553099,30,1,0,0,0,0,0,0,1,0,1,1,0,0,0,0,0,0,0,0,0,0
58,1,8.723068501163928,48,1,0,0,0,0,0,0,0,0,0,0,0,0,0,1,0,0,0,0,1,0
35,3,7.239214973779806,11,1,0,0,0,0,0,0,0,1,0,0,0,0,0,0,0,1,0,1,0,0
39,2,7.740229524763182,36,0,0,0,0,1,0,0,1,1,0,0,0,1,0,0,0,1,0,0,1,0
23,0,7.20934025660291,6,1,0,0,0,0,0,0,0,0,1,0,0,1,0,0,0,0,0,0,0,0
39,1,8.885717651712119,11,1,0,0,0,0,0,0,1,1,0,0,0,0,0,0,0,1,0,0,1,0
28,2,7.636752112435779,12,0,0,0,0,1,0,0,0,1,0,1,0,0,0,0,0,1,0,1,0,0
29,1,7.75491027202143,24,0,0,0,1,0,0,0,1,1,0,0,1,0,0,0,1,0,0,1,0,0
30,3,8.693664334532016,27,1,0,0,0,0,0,0,1,1,0,0,0,0,0,0,1,0,0,1,0,0
25,2,7.140453043101158,12,0,0,0,0,1,0,0,1,1,0,0,0,0,0,0,0,1,0,0,0,0
31,2,8.125039097367745,18,1,0,0,0,0,0,0,1,1,0,0,1,0,0,0,0,1,0,1,0,0
57,2,7.707512194600341,36,1,0,0,0,0,0,0,1,0,0,0,0,0,0,1,1,0,0,0,1,0
26,1,6.663132695990803,6,1,0,0,0,0,0,0,1,1,0,0,1,0,0,0,0,1,0,1,0,0
52,3,8.774622220696997,12,0,0,0,0,1,0,0,1,1,0,0,1,0,0,1,1,0,0,0,1,0
31,2,9.165970424240243,36,0,0,0,0,1,0,0,0,1,0,0,0,0,0,0,0,1,0,1,0,0
23,3,7.581209826196346,18,1,0,0,0,0,0,0,0,1,0,0,0,0,0,0,0,0,1,0,0,0
23,1,8.736971085254146,36,0,0,0,1,0,0,0,0,0,1,0,0,0,0,1,0,0,0,0,0,0
27,2,7.237778191923443,9,0,0,0,0,0,0,0,1,1,0,0,0,0,0,0,1,0,0,1,0,0
50,2,7.337587743538596,15,0,0,0,0,1,0,0,1,1,0,0,1,0,0,0,1,0,0,0,1,0
61,3,7.577121930876679,36,0,0,0,0,0,0,0,1,0,0,0,0,0,0,1,1,0,0,0,0,1
25,2,9.57644075656207,48,0,0,0,0,0,0,0,1,1,0,0,0,0,0,1,1,0,0,0,0,0
26,2,8.064950891749143,24,0,0,0,0,1,0,0,0,1,0,0,0,0,0,0,0,1,0,1,0,0
48,2,8.554488976159934,27,0,0,0,0,0,1,0,1,1,0,0,1,0,0,0,0,1,0,0,1,0
29,2,7.682943169878292,12,0,0,0,0,1,0,0,0,1,0,0,0,0,0,0,0,1,0,1,0,0
22,2,6.914730892718563,12,1,0,0,0,0,0,0,1,1,0,0,0,0,1,0,1,0,0,0,0,0
37,2,7.506042178518122,36,0,0,1,0,0,0,0,1,0,0,0,0,0,0,1,0,1,0,0,1,0
25,2,7.780720886117918,36,0,0,0,0,1,0,0,0,1,0,0,1,0,0,0,0,1,0,0,0,0
30,2,9.003685138166775,36,1,0,0,0,0,0,0,0,1,0,0,0,0,0,0,0,1,0,1,0,0
46,1,6.593044534142437,7,0,0,0,0,1,0,0,1,0,1,0,1,0,0,0,0,1,0,0,1,0
51,3,7.059617628291383,8,0,0,0,0,0,0,1,1,0,0,0,0,0,0,0,0,0,0,0,1,0
41,1,8.691818541575723,42,0,0,0,0,0,0,0,0,1,0,0,0,0,0,0,1,0,0,0,1,0
40,3,7.589335823170617,36,0,0,1,0,0,0,0,1,1,0,0,1,0,0,1,0,0,0,0,1,0
66,3,7.330405211844402,12,1,0,0,0,0,0,0,1,0,0,0,0,0,0,0,0,0,0,0,0,1
34,2,8.285261134068948,42,0,0,0,0,1,0,0,1,1,0,0,0,0,0,1,0,0,0,1,0,0
51,2,8.470311205516108,11,0,0,0,0,1,0,0,1,1,0,0,0,0,0,0,1,0,0,0,1,0
39,1,9.152287440527566,54,1,0,0,0,0,0,0,1,1,0,0,1,0,0,0,0,1,0,0,1,0
22,2,8.251142139090751,30,0,0,0,1,0,0,0,1,1,0,0,0,0,0,0,1,0,0,0,0,0
44,2,8.68996933536666,24,0,0,0,0,1,0,0,0,1,0,0,1,0,0,1,0,1,0,0,1,0
47,2,7.10085190894405,15,0,0,0,0,1,0,0,1,1,0,0,0,1,0,0,0,1,0,0,1,0
24,1,7.357556200910353,18,0,0,0,0,0,0,0,0,0,1,1,0,0,0,0,0,1,0,0,0,0
58,1,7.470224135899966,24,0,0,0,0,0,0,1,0,1,0,0,0,0,0,0,0,0,0,0,1,0
52,1,7.747164966520335,10,0,0,0,0,1,0,0,1,1,0,0,0,0,0,0,0,0,0,0,1,0
29,3,7.252762418053187,12,0,0,0,0,0,0,0,0,1,0,0,0,0,0,0,0,1,0,1,0,0
27,2,7.166265974133638,18,0,0,0,1,0,0,0,0,1,0,0,0,0,0,0,1,0,0,1,0,0
47,2,9.442404020664952,36,0,0,1,0,0,0,0,1,0,0,1,0,0,0,1,1,0,0,0,1,0
30,3,7.718240951959316,18,1,0,0,0,0,0,0,1,1,0,1,0,0,0,0,0,0,0,1,0,0
28,2,7.010311867307229,12,0,0,0,0,0,1,0,1,1,0,0,0,0,0,1,0,0,0,1,0,0
56,2,6.42648845745769,12,0,0,0,0,1,0,0,1,1,0,0,0,0,0,0,0,1,0,0,1,0
54,2,7.25063551189868,12,1,0,0,0,0,0,0,1,1,0,0,0,0,0,0,0,0,0,0,1,0
33,1,6.680854678790215,12,0,0,0,0,1,0,0,0,1,0,0,1,0,0,1,0,1,0,1,0,0
20,2,8.193400231952097,24,0,0,0,1,0,0,0,1,0,1,0,1,0,0,0,0,0,1,0,0,0
54,2,7.183870715062453,12,1,0,0,0,0,0,0,1,1,0,0,0,0,1,0,1,0,0,0,1,0
58,2,9.676900579444158,54,0,0,0,0,0,0,0,1,0,1,0,0,0,0,1,1,0,0,0,1,0
61,2,7.60688453121963,12,0,0,1,0,0,0,0,0,1,0,0,1,0,0,0,0,1,0,0,0,1
34,2,7.871692664323645,18,0,0,0,0,0,0,0,1,1,0,1,0,0,0,0,1,0,0,1,0,0
36,2,7.756623334538858,36,0,0,0,0,1,0,0,1,1,0,0,0,0,0,0,1,0,0,0,1,0
36,3,8.86177531100083,20,1,0,0,0,0,0,0,1,0,1,0,1,0,0,0,1,0,0,0,1,0
41,1,7.292337176173877,24,1,0,0,0,0,0,0,1,0,1,1,0,0,0,0,0,1,0,0,1,0
24,2,7.750614732770409,36,0,0,0,0,1,0,0,1,0,1,0,0,0,0,0,1,0,0,0,0,0
24,2,6.837332814685591,6,0,0,0,0,1,0,0,0,1,0,0,0,0,0,0,0,1,0,0,0,0
35,2,7.5595594960077,9,0,0,0,1,0,0,0,1,0,1,0,0,0,0,0,1,0,0,1,0,0
26,2,7.801800401908973,12,1,0,0,0,0,0,0,1,0,1,0,1,0,0,0,0,1,0,1,0,0
39,3,9.387481868728596,24,0,0,0,0,0,0,1,1,1,0,0,0,0,0,1,1,0,0,0,1,0
39,3,8.77307495131822,18,1,0,0,0,0,0,0,1,1,0,0,0,0,0,1,0,1,0,0,1,0
32,2,8.712430973476739,12,1,0,0,0,0,0,0,1,1,0,0,0,0,0,0,1,0,0,1,0,0
30,2,8.951699168308815,24,0,0,0,1,0,0,0,0,1,0,0,1,0,0,0,0,0,0,1,0,0
35,2,7.251344983372214,14,0,0,0,0,0,0,0,1,1,0,0,0,1,0,0,1,0,0,1,0,0
31,2,7.278628942320682,6,0,0,0,0,0,0,0,1,1,0,1,0,0,0,0,1,0,0,1,0,0
23,2,5.971261839790462,15,0,0,1,0,0,0,0,0,0,1,0,0,0,0,0,0,0,1,0,0,0
28,1,8.741935464094144,18,1,0,0,0,0,0,0,1,0,1,0,0,0,0,0,1,0,0,1,0,0
25,2,8.96890555068972,36,1,0,0,0,0,0,0,0,1,0,0,0,0,0,1,0,1,0,0,0,0
35,2,7.426549072397305,12,0,0,0,0,1,0,0,1,1,0,0,0,1,0,0,0,0,0,1,0,0
47,2,8.182559264068665,48,0,0,0,0,1,0,0,1,1,0,0,1,0,0,0,0,1,0,0,1,0
30,3,8.878218658092228,42,0,0,0,0,1,0,0,0,1,0,0,1,0,0,1,0,0,0,1,0,0
27,2,7.664815785285735,10,0,0,0,1,0,0,0,0,0,1,0,1,0,0,0,0,0,0,1,0,0
23,2,8.361941906144946,33,0,0,0,1,0,0,0,0,1,0,0,0,1,0,1,0,0,0,0,0,0
36,3,7.768956044538332,12,1,0,0,0,0,0,0,1,1,0,0,0,1,0,0,1,0,0,0,1,0
25,2,7.51479976048867,21,0,0,0,0,1,0,0,0,1,0,0,0,0,0,1,0,0,0,0,0,0
41,3,8.260492856573185,24,1,0,0,0,0,0,0,0,0,1,0,0,0,0,0,0,1,0,0,1,0
24,1,7.477604243197589,12,0,0,0,1,0,0,0,1,0,1,0,0,0,0,0,0,1,0,0,0,0
63,2,6.660575149839686,10,1,0,0,0,0,0,0,1,0,0,0,0,0,0,0,0,0,1,0,0,1
27,2,7.562161631225652,18,0,0,0,1,0,0,0,0,0,1,0,1,0,0,1,1,0,0,1,0,0
30,2,7.659642954564682,12,1,0,0,0,0,0,0,1,1,0,0,0,0,0,0,0,0,0,1,0,0
40,1,6.55250788703459,12,0,0,0,0,1,0,0,1,1,0,0,0,0,0,0,0,0,0,0,1,0
30,2,6.459904454377535,12,0,0,0,0,0,1,0,1,1,0,0,0,0,0,1,1,0,0,1,0,0
34,3,7.528331766707247,12,1,0,0,0,0,0,0,1,1,0,0,0,0,0,0,1,0,0,1,0,0
29,2,8.160232492367689,12,1,0,0,0,0,0,0,0,1,0,0,0,0,0,1,0,0,0,1,0,0
24,2,9.046290859969677,48,1,0,0,0,0,0,0,0,1,0,0,1,0,0,0,1,0,0,0,0,0
29,2,8.837390855544697,36,0,0,1,0,0,0,0,1,1,0,0,0,0,0,1,0,0,0,1,0,0
27,1,7.903965634032166,15,0,0,0,1,0,0,0,1,1,0,0,0,0,0,0,0,1,0,1,0,0
47,2,7.592870287844818,18,0,0,0,1,0,0,0,1,0,0,0,0,0,0,0,0,1,0,0,1,0
21,2,9.224637676677007,60,0,0,0,0,1,0,0,0,1,0,1,0,0,0,0,0,1,0,0,0,0
38,2,7.122866658599083,12,0,0,0,0,1,0,0,0,1,0,0,1,0,0,0,0,1,0,0,1,0
27,2,9.061027968789174,27,1,0,0,0,0,0,0,1,1,0,0,0,0,1,0,0,1,0,1,0,0
66,1,6.641182169740591,12,0,0,0,0,1,0,0,1,1,0,0,0,1,0,1,1,0,0,0,0,1
35,2,7.911324018963353,15,0,0,0,0,1,0,0,1,1,0,0,1,0,0,0,1,0,0,1,0,0
44,1,7.53955882930103,12,0,0,0,0,1,0,0,0,0,1,0,0,0,0,0,0,0,1,0,1,0
27,0,6.5638555265321274,6,1,0,0,0,0,0,0,1,1,0,0,0,0,1,0,0,0,1,1,0,0
30,3,8.475328987317539,36,0,0,0,0,1,0,0,0,1,0,0,0,0,0,0,1,0,0,1,0,0
27,3,8.13622555490846,27,0,0,0,0,1,0,0,1,1,0,0,0,0,0,0,0,0,0,1,0,0
22,2,7.808729306744399,18,0,0,0,1,0,0,0,1,1,0,0,0,0,0,1,0,0,0,0,0,0
23,2,7.7354333524996886,21,0,0,0,1,0,0,0,0,1,0,0,0,0,0,0,0,1,0,0,0,0
30,2,8.179199798423086,48,0,0,0,0,0,0,0,1,1,0,1,0,0,0,0,1,0,0,1,0,0
39,2,6.756932389247553,6,1,0,0,0,0,0,0,0,1,0,0,0,0,0,0,0,0,0,0,1,0
51,2,6.525029657843462,12,1,0,0,0,0,0,0,0,1,0,1,0,0,0,0,0,1,0,0,1,0
28,2,8.58876938990546,36,0,0,0,1,0,0,0,1,1,0,0,0,0,0,0,0,0,0,1,0,0
46,2,7.366445148327599,18,0,0,0,0,1,0,0,1,1,0,0,0,0,1,0,0,1,0,0,1,0
42,2,7.204892510204673,6,0,0,0,0,1,0,0,1,0,0,1,0,0,0,0,0,1,0,0,1,0
38,2,7.562161631225652,10,0,0,0,0,1,0,0,1,1,0,0,0,0,0,0,0,1,0,0,1,0
24,2,8.673855001429615,36,0,0,0,0,1,0,0,1,1,0,0,0,0,0,0,0,0,1,0,0,0
29,2,8.956479847999912,24,1,0,0,0,0,0,0,0,0,1,0,0,0,1,0,1,0,0,1,0,0
36,3,8.848939995030118,24,0,0,0,0,0,0,0,1,0,1,1,0,0,0,0,1,0,0,0,1,0
20,2,7.156176637480615,12,0,0,0,1,0,0,0,0,0,1,0,0,0,0,1,0,0,0,0,0,0
48,2,7.160845906664299,9,0,0,0,0,0,1,0,1,1,0,1,0,0,0,0,0,0,0,0,1,0
45,1,5.82600010738045,12,0,0,1,0,0,0,0,1,1,0,0,0,0,0,0,0,0,0,0,1,0
38,2,8.163940954755008,24,1,0,0,0,0,0,0,1,1,0,1,0,0,0,0,1,0,0,0,1,0
34,1,7.5485559791698735,6,0,0,0,0,1,0,0,1,1,0,0,1,0,0,0,0,1,0,1,0,0
36,2,7.962763930168115,24,0,0,0,0,1,0,0,1,1,0,1,0,0,0,0,0,1,0,0,1,0
30,2,6.961296045910167,18,1,0,0,0,0,0,0,0,1,0,0,0,0,0,0,0,1,0,1,0,0
36,2,7.140453043101158,15,0,1,0,0,0,0,0,1,1,0,0,0,1,0,0,0,1,0,0,1,0
70,3,8.896724917497897,10,1,0,0,0,0,0,0,1,0,0,0,0,0,0,0,1,0,0,0,0,1
36,2,6.812345094177479,36,1,0,0,0,0,0,0,1,1,0,0,0,1,0,0,0,1,0,0,1,0
32,2,7.999007213243955,6,0,0,0,1,0,0,0,1,1,0,0,0,1,0,0,0,1,0,1,0,0
33,2,7.030857476116121,18,0,0,0,1,0,0,0,0,1,0,0,0,0,0,1,0,0,0,1,0,0
20,2,7.3632795869630385,11,0,0,0,1,0,0,0,0,1,0,0,0,0,1,0,1,0,0,0,0,0
25,2,8.287025025165063,24,0,0,0,1,0,0,0,0,0,1,0,0,0,0,0,0,1,0,0,0,0
31,2,7.5678626054638825,24,0,0,0,0,0,0,0,1,1,0,0,0,0,0,1,1,0,0,1,0,0
33,2,6.856461984594587,15,1,0,0,0,0,0,0,1,0,1,0,0,0,0,1,0,0,0,1,0,0
26,2,6.637258031284457,12,0,0,0,1,0,0,0,0,1,0,0,0,0,0,0,0,1,0,1,0,0
34,3,7.6324011266014535,24,0,0,0,1,0,0,0,0,1,0,0,0,0,0,1,1,0,0,1,0,0
33,2,7.254177846456518,8,0,0,0,0,1,0,0,1,1,0,0,0,0,0,0,1,0,0,1,0,0
26,2,8.135639903354386,21,0,0,1,0,0,0,0,1,1,0,0,0,0,0,1,0,0,0,1,0,0
53,3,8.920656296853728,30,1,0,0,0,0,0,0,0,1,0,0,1,0,0,1,0,1,0,0,1,0
42,2,7.854381210652365,12,0,0,0,1,0,0,0,1,1,0,0,0,0,0,0,0,0,0,0,1,0
52,2,5.823045895483019,6,0,0,0,0,1,0,0,1,1,0,0,0,1,0,0,0,0,0,0,1,0
31,3,7.5822291942764615,12,0,0,0,0,1,0,0,1,0,1,0,0,0,0,0,0,1,0,1,0,0
65,2,6.3473892096560105,21,1,0,0,0,0,0,0,1,1,0,0,0,0,0,0,0,0,0,0,0,1
28,2,9.166597449028265,36,0,0,0,0,0,0,0,1,1,0,0,0,0,0,1,0,1,0,1,0,0
30,3,8.40178233990491,36,0,0,0,0,0,0,0,1,1,0,0,0,0,0,1,1,0,0,1,0,0
40,1,7.4067107301776405,21,1,0,0,0,0,0,0,1,1,0,0,1,0,0,1,0,0,0,0,1,0
50,2,8.236685322712457,24,0,0,0,1,0,0,0,1,1,0,0,0,0,1,0,0,1,0,0,1,0
36,2,6.784457062637643,18,1,0,0,0,0,0,0,1,1,0,0,0,0,0,1,1,0,0,0,1,0
31,2,7.215239978730097,15,0,0,0,0,1,0,0,1,1,0,0,0,0,0,0,0,1,0,1,0,0
74,3,8.542665987389269,9,1,0,0,0,0,0,0,0,0,0,0,0,0,0,1,1,0,0,0,0,1
68,0,7.069023426578259,16,1,0,0,0,0,0,0,1,0,0,0,0,0,0,0,1,0,0,0,0,1
20,2,6.513230110912307,12,0,0,0,0,1,0,0,1,1,0,1,0,0,0,1,0,0,0,0,0,0
33,2,8.084562415235304,18,0,0,0,1,0,0,0,0,1,0,0,0,0,0,0,1,0,0,1,0,0
54,3,8.431853144249223,24,0,0,0,0,0,0,0,1,1,0,0,0,0,1,1,0,1,0,0,1,0
34,1,8.254268770090183,48,0,0,0,0,0,0,0,1,0,0,1,0,0,0,1,1,0,0,1,0,0
36,2,8.272570608424903,27,0,0,0,0,0,0,0,1,1,0,0,0,0,0,1,1,0,0,0,1,0
29,2,7.653494909661253,6,0,0,0,0,1,0,0,1,0,1,0,0,0,0,0,0,1,0,1,0,0
21,2,8.016647877057803,45,0,0,0,0,1,0,0,1,0,1,1,0,0,0,1,1,0,0,0,0,0
34,3,7.313886831633462,9,0,0,1,0,0,0,0,0,1,0,0,0,0,0,1,1,0,0,1,0,0
28,2,7.231287004327616,6,0,0,0,0,1,0,0,0,1,0,0,0,0,0,0,0,1,0,1,0,0
27,2,6.85751406254539,12,0,0,0,1,0,0,0,0,0,1,1,0,0,0,1,1,0,0,1,0,0
36,2,7.9229859587111955,24,1,0,0,0,0,0,0,1,0,0,0,1,0,0,0,1,0,0,0,1,0
40,3,8.365672383774996,18,0,0,0,1,0,0,0,1,1,0,0,0,0,0,1,1,0,0,0,1,0
52,2,6.841615476477592,9,0,0,1,0,0,0,0,1,1,0,0,0,1,0,0,0,1,0,0,1,0
27,1,7.0630481633881725,12,1,0,0,0,0,0,0,1,1,0,0,0,0,0,0,0,0,0,1,0,0
26,2,8.540323608805092,27,0,0,0,0,0,0,0,1,1,0,0,0,0,0,0,0,1,0,1,0,0
21,2,6.804614520062624,12,0,0,1,0,0,0,0,1,0,1,0,0,0,0,1,0,0,0,0,0,0
38,1,7.3098814858247865,12,1,0,0,0,0,0,0,1,1,0,0,0,0,0,0,0,1,0,0,1,0
38,3,9.270776740780013,30,1,0,0,0,0,0,0,1,0,0,0,0,0,0,0,0,0,0,0,1,0
43,2,7.5678626054638825,12,0,0,0,1,0,0,0,1,1,0,0,0,0,0,0,0,1,0,0,1,0
26,2,7.261225091971921,12,0,1,0,0,0,0,0,1,1,0,0,0,0,0,0,1,0,0,1,0,0
21,1,8.789964651132264,24,0,0,0,0,0,0,0,1,1,0,0,0,0,0,0,0,0,0,0,0,0
55,2,7.253470382684528,12,1,0,0,0,0,0,0,1,1,0,0,0,0,1,0,0,1,0,0,1,0
33,2,8.03073492409854,9,0,0,0,0,1,0,0,1,1,0,0,1,0,0,0,0,1,0,1,0,0
45,1,8.251924713801357,36,0,0,0,0,1,0,0,0,1,0,0,1,0,0,0,0,1,0,0,1,0
50,2,8.574140471857987,27,0,0,0,0,0,0,0,1,1,0,0,0,0,0,1,0,0,0,0,1,0
66,3,7.553810852008231,30,0,0,0,0,0,0,0,1,1,0,0,0,0,0,1,0,0,1,0,0,1
51,2,8.114324709155339,36,0,0,0,0,1,0,0,1,1,0,0,1,0,0,0,0,1,0,0,1,0
39,1,6.837332814685591,6,0,0,1,0,0,0,0,0,1,0,0,1,0,0,0,1,0,0,0,1,0
31,2,8.04044688130311,18,0,0,0,0,0,0,0,1,1,0,0,0,0,0,0,0,0,0,1,0,0
23,2,8.272059622210412,36,0,0,0,0,1,0,0,1,1,0,0,0,0,0,0,0,0,1,0,0,0
24,1,8.013343181386672,24,0,0,0,1,0,0,0,1,0,1,0,0,0,0,0,0,0,0,0,0,0
64,2,7.218176838403408,10,1,0,0,0,0,0,0,0,1,0,0,0,0,0,0,0,1,0,0,0,1
26,1,6.437751649736401,12,0,0,0,0,1,0,0,1,1,0,0,0,0,0,0,1,0,0,1,0,0
23,2,7.090076835776092,12,0,0,1,0,0,0,0,0,0,1,0,1,0,0,0,0,0,0,0,0,0
30,2,6.561030665896573,12,0,0,0,0,1,0,0,1,1,0,0,0,0,0,0,0,1,0,1,0,0
32,2,7.999007213243955,24,0,0,0,0,0,0,0,1,1,0,0,1,0,0,0,0,1,0,1,0,0
30,2,8.446126742982377,15,1,0,0,0,0,0,0,1,1,0,0,0,0,0,0,0,1,0,1,0,0
27,2,7.868254265520613,36,0,0,0,0,0,1,0,1,1,0,0,0,0,0,0,0,1,0,1,0,0
27,2,9.302098797215724,48,0,0,0,0,1,0,0,1,1,0,0,0,0,1,1,1,0,0,1,0,0
53,3,8.970177815492379,12,0,0,0,1,0,0,0,1,0,0,0,0,0,0,1,0,0,0,0,1,0
22,2,7.298445101508147,9,0,0,0,0,1,0,0,1,1,0,0,0,0,0,1,0,1,0,0,0,0
22,2,8.054840221101024,24,0,0,0,1,0,0,0,1,0,0,0,0,0,0,0,0,0,0,0,0,0
26,2,8.345217926676428,36,0,0,0,0,1,0,0,1,1,0,0,0,0,0,1,0,0,1,1,0,0
51,1,7.826842098158293,9,1,0,0,0,0,0,0,1,0,0,0,0,1,0,0,0,1,0,0,1,0
35,2,7.669028288589683,12,0,0,0,0,1,0,0,1,1,0,1,0,0,0,0,0,1,0,1,0,0
25,1,6.763884908562435,18,0,0,0,0,1,0,0,1,1,0,0,0,0,0,0,1,0,0,0,0,0
42,1,7.342131730584722,4,0,0,0,0,1,0,0,1,1,0,0,0,0,0,0,0,1,0,0,1,0
30,3,7.508238774678663,24,0,0,0,0,1,0,0,1,1,0,0,0,0,0,1,0,0,0,1,0,0
23,0,9.585689856179723,6,1,0,0,0,0,0,0,1,1,0,0,1,0,0,1,1,0,0,0,0,0
61,1,7.925518979786926,21,0,0,0,0,0,0,0,1,0,1,1,0,0,0,1,1,0,0,0,0,1
35,2,7.1631723908466425,12,0,0,0,0,1,0,0,0,1,0,0,0,0,0,0,0,1,0,1,0,0
39,2,7.8328075165248645,30,0,0,0,0,1,0,0,1,1,0,0,0,0,0,0,0,0,0,0,1,0
29,2,6.818924065275521,24,1,0,0,0,0,0,0,0,1,0,0,1,0,0,1,0,0,0,1,0,0
51,2,7.374629015218945,6,0,0,0,0,1,0,0,1,1,0,0,0,0,0,0,0,1,0,0,1,0
24,2,8.434897948689407,48,1,0,0,0,0,0,0,1,0,0,0,0,0,0,1,0,0,0,0,0,0
27,2,7.077498053569231,12,0,0,0,0,0,0,0,0,1,0,0,0,0,0,0,0,1,0,1,0,0
35,1,8.145259566516865,12,0,0,1,0,0,0,0,0,1,0,0,0,1,0,0,0,1,0,1,0,0
25,2,7.1372784372603855,24,0,0,0,0,0,0,0,1,1,0,0,0,0,0,0,0,1,0,0,0,0
52,2,6.57507584059962,12,0,0,0,0,1,0,0,1,1,0,0,0,0,0,0,0,1,0,0,1,0
35,2,7.093404625868766,6,1,0,0,0,0,0,0,1,0,1,1,0,0,0,0,0,1,0,1,0,0
26,2,7.562681246721884,24,0,0,0,1,0,0,0,1,1,0,0,0,0,0,0,0,0,1,1,0,0
22,2,6.07073772800249,18,0,0,0,0,1,0,0,0,0,1,0,0,0,0,1,0,1,0,0,0,0
39,1,6.501289670540389,6,1,0,0,0,0,0,0,0,1,0,0,0,0,1,0,0,0,0,0,1,0
46,1,7.719129840906732,12,0,0,0,1,0,0,0,0,1,0,0,0,0,0,0,0,0,1,0,1,0
24,2,7.673223121121708,30,1,0,0,0,0,0,0,0,1,0,0,0,0,0,1,1,0,0,0,0,0
35,2,8.33110454805304,24,0,0,0,1,0,0,0,1,1,0,1,0,0,0,0,0,1,0,1,0,0
24,2,7.615791072035833,9,0,0,0,1,0,0,0,1,1,0,0,1,0,0,0,1,0,0,0,0,0
27,1,8.911664758049536,60,0,0,0,0,1,0,0,1,1,0,0,1,0,0,0,1,0,0,1,0,0
35,1,7.895063498091573,24,0,0,0,0,1,0,0,1,1,0,0,0,0,0,0,0,1,0,1,0,0
29,2,7.67275789664251,12,0,0,0,0,1,0,0,1,0,0,0,0,0,0,1,0,0,0,1,0,0
23,2,8.245909264774093,15,1,0,0,0,0,0,0,0,1,0,1,0,0,0,0,0,1,0,0,0,0
57,1,7.050989447068045,11,0,0,0,0,1,0,0,0,1,0,1,0,0,0,0,0,1,0,0,1,0
27,2,7.4127640174265625,12,0,0,0,1,0,0,0,1,1,0,0,0,0,0,0,0,0,0,1,0,0
55,2,7.3796321526095525,24,0,0,0,0,1,0,0,0,1,0,0,0,0,0,0,0,0,0,0,1,0
36,3,8.57583938684897,18,1,0,0,0,0,0,0,1,0,0,0,0,0,0,0,0,0,0,0,1,0
57,1,7.91862865334224,12,0,0,1,0,0,0,0,0,0,0,0,0,0,0,0,0,1,0,0,1,0
32,1,7.115582126184454,10,1,0,0,0,0,0,0,1,1,0,0,0,0,0,0,0,1,0,1,0,0
37,2,6.687108607866515,15,0,0,0,0,1,0,0,1,1,0,0,0,0,0,1,1,0,0,0,1,0
36,2,8.748939631537715,36,0,0,0,0,0,0,0,1,1,0,0,1,0,0,0,0,1,0,0,1,0
38,2,7.334981878871814,24,0,0,0,0,1,0,0,0,1,0,0,0,0,0,0,0,1,0,0,1,0
45,3,9.102532419341877,14,1,0,0,0,0,0,0,1,1,0,0,0,0,0,1,0,0,0,0,1,0
25,2,6.906754778648554,24,0,0,0,0,1,0,0,1,1,0,0,1,0,0,0,0,1,0,0,0,0
32,2,7.8868329989550565,18,1,0,0,0,0,0,0,1,1,0,0,1,0,0,0,0,1,0,1,0,0
37,2,7.2456550675945355,12,0,0,0,1,0,0,0,0,0,1,0,0,1,0,0,0,1,0,0,1,0
36,3,9.4066470133368,48,1,0,0,0,0,0,0,1,0,0,0,1,0,0,0,1,0,0,0,1,0
28,2,8.026170194946426,48,0,0,0,0,1,0,0,1,1,0,0,0,0,0,1,1,0,0,1,0,0
34,1,9.392495248213038,30,0,0,0,0,0,1,0,1,1,0,0,0,0,0,1,0,0,0,1,0,0
32,2,7.89989532313973,9,0,0,0,0,1,0,0,1,1,0,0,0,0,0,0,0,1,0,1,0,0
26,2,7.784889295655098,18,0,0,0,0,1,0,0,0,1,0,0,0,0,0,0,0,1,0,1,0,0
49,1,7.140453043101158,12,0,0,0,1,0,0,0,1,1,0,0,1,0,0,0,0,0,0,0,1,0
32,2,8.436200032206706,6,0,0,0,1,0,0,0,0,1,0,0,0,0,0,1,0,1,0,1,0,0
29,3,7.550135342488429,24,0,0,0,0,1,0,0,1,0,1,1,0,0,0,0,0,1,0,1,0,0
23,2,8.122074375362217,15,1,0,0,0,0,0,0,1,0,1,0,0,0,1,0,0,1,0,0,0,0
50,2,7.3613754289773485,12,0,0,0,1,0,0,0,1,1,0,0,0,0,0,0,0,1,0,0,1,0
49,1,7.275864600546533,18,0,0,0,0,1,0,0,1,1,0,0,1,0,0,0,0,0,1,0,1,0
63,2,7.326465613840322,15,0,0,0,1,0,0,0,1,1,0,0,1,0,0,0,0,1,0,0,0,1
37,2,8.263074835802596,24,1,0,0,0,0,0,0,1,1,0,1,0,0,0,0,1,0,0,0,1,0
35,1,9.280052984387483,47,1,0,0,0,0,0,0,0,1,0,0,0,0,0,0,0,0,0,1,0,0
26,2,8.473868066677865,48,1,0,0,0,0,0,0,1,1,0,0,0,0,0,0,0,0,0,1,0,0
31,3,8.93353229607628,48,0,0,0,0,0,0,1,1,0,0,1,0,0,0,0,1,0,0,1,0,0
49,2,6.9957661563048505,12,0,0,0,0,1,0,0,0,1,0,0,0,0,0,0,1,0,0,0,1,0
48,2,6.931471805599453,24,0,0,0,0,1,0,0,1,1,0,0,0,0,0,1,0,0,0,0,1,0
26,2,6.98100574072173,12,0,0,0,0,0,0,0,1,1,0,0,0,0,0,0,0,1,0,1,0,0
28,3,9.14825217966276,36,1,0,0,0,0,0,0,1,0,1,0,0,0,0,1,1,0,0,1,0,0
44,3,8.767017621311778,24,1,0,0,0,0,0,0,0,0,0,0,0,0,0,0,0,0,0,0,1,0
56,2,8.475537516147405,42,1,0,0,0,0,0,0,1,0,0,0,0,0,0,0,0,0,1,0,1,0
46,3,8.93971205409023,48,0,0,0,0,0,0,0,1,1,0,0,1,0,0,0,0,1,0,0,1,0
26,2,9.206332350578643,48,0,0,0,1,0,0,0,0,1,0,0,0,0,0,1,1,0,0,1,0,0
20,2,8.449984441722787,12,1,0,0,0,0,0,0,0,0,1,0,1,0,0,0,0,1,0,0,0,0
45,1,7.160069207596127,10,1,0,0,0,0,0,0,1,1,0,0,1,0,0,0,0,1,0,0,1,0
43,2,7.83002808253384,18,0,0,0,1,0,0,0,1,1,0,0,0,0,0,0,0,1,0,0,1,0
32,2,7.917536353943631,21,0,0,0,1,0,0,0,1,1,0,0,0,0,1,0,1,0,0,1,0,0
54,0,6.51025834052315,6,1,0,0,0,0,0,0,0,1,0,0,0,0,0,0,0,1,0,0,1,0
42,2,8.24380842366528,36,0,0,0,0,1,0,0,0,1,0,0,0,0,0,1,1,0,0,0,1,0
37,1,7.203405521083095,24,1,0,0,0,0,0,0,1,1,0,0,1,0,0,1,0,0,1,0,1,0
49,2,6.945051063725834,10,1,0,0,0,0,0,0,1,1,0,0,0,0,0,0,0,0,0,0,1,0
44,2,9.222960403332285,48,1,0,0,0,0,0,0,1,0,0,0,0,1,0,1,0,1,0,0,1,0
33,2,7.341483852363161,6,0,0,0,1,0,0,0,1,1,0,0,0,0,1,0,0,1,0,1,0,0
24,1,8.478660241699453,30,1,0,0,0,0,0,0,0,0,1,0,1,0,0,0,0,1,0,0,0,0
33,1,6.588926477533519,12,0,0,0,0,1,0,0,1,1,0,1,0,0,0,1,0,0,0,1,0,0
24,2,7.1204443723924875,8,0,0,0,1,0,0,0,0,1,0,0,0,0,0,1,1,0,0,0,0,0
22,1,5.62040086571715,9,1,0,0,0,0,0,0,1,0,1,0,0,0,0,0,1,0,0,0,0,0
40,0,8.59062950948942,48,0,0,0,0,0,0,1,1,0,0,0,1,0,0,0,1,0,0,0,1,0
25,2,8.614501373883236,24,0,0,0,1,0,0,0,1,1,0,1,0,0,0,0,0,1,0,0,0,0
26,2,8.229244416735913,24,0,0,0,1,0,0,0,0,1,0,0,0,0,0,0,0,0,1,1,0,0
25,1,6.529418838262226,12,1,0,0,0,0,0,0,1,1,0,0,0,0,0,1,1,0,0,0,0,0
29,1,7.309212365692763,4,1,0,0,0,0,0,0,1,1,0,0,1,0,0,0,0,0,1,1,0,0
31,2,7.917900586327916,36,0,0,0,1,0,0,0,1,1,0,0,0,0,0,1,0,0,0,1,0,0
38,1,6.56244409369372,12,0,0,0,1,0,0,0,1,1,0,0,0,0,0,0,0,0,0,0,1,0
48,1,8.37816098272068,24,0,0,0,1,0,0,0,0,1,0,0,1,0,0,0,1,0,0,0,1,0
32,2,6.55250788703459,12,0,0,1,0,0,0,0,1,1,0,0,0,0,0,0,0,1,0,1,0,0
27,1,8.200562797008564,15,0,0,0,1,0,0,0,0,1,0,0,0,0,0,0,0,0,0,1,0,0
28,3,8.354438940114811,30,1,0,0,0,0,0,0,1,1,0,0,0,0,0,1,1,0,0,1,0,0
32,2,7.569411792450712,24,0,0,0,0,1,0,0,1,1,0,0,0,0,0,1,0,0,0,1,0,0
34,3,7.975908360165538,24,1,0,0,0,0,0,0,1,0,0,0,0,0,0,0,0,0,0,1,0,0
28,2,7.88570539124302,18,0,0,0,1,0,0,0,1,1,0,0,0,0,1,0,0,0,0,1,0,0
36,2,6.93537044601511,18,1,0,0,0,0,0,0,0,1,0,0,0,0,0,0,0,1,0,0,1,0
39,1,8.130942302231878,8,1,0,0,0,0,0,0,1,1,0,0,0,0,0,0,0,0,0,0,1,0
49,2,8.665785595466064,12,0,0,0,1,0,0,0,1,0,1,0,1,0,0,0,0,1,0,0,1,0
34,2,7.329749689041512,24,1,0,0,0,0,0,0,0,1,0,0,0,0,1,0,0,1,0,1,0,0
31,2,8.405814603432848,36,0,0,0,0,1,0,0,1,1,0,0,0,0,0,0,0,0,1,1,0,0
28,2,6.97354301952014,6,0,0,0,0,1,0,0,1,1,0,0,0,0,0,0,1,0,0,1,0,0
75,3,8.797095076549056,24,1,0,0,0,0,0,0,1,0,0,0,0,0,0,0,0,0,0,0,0,1
30,2,7.530479995245536,18,0,0,1,0,0,0,0,0,1,0,1,0,0,0,1,0,1,0,1,0,0
24,3,8.910315776326016,60,1,0,0,0,0,0,0,0,1,0,1,0,0,0,1,1,0,0,0,0,0
24,1,9.357897936333798,48,1,0,0,0,0,0,0,0,0,1,1,0,0,0,1,0,1,0,0,0,0
23,2,8.32117830749028,24,0,0,0,1,0,0,0,1,0,1,0,0,0,0,1,0,0,0,0,0,0
44,3,8.126813720726114,6,0,0,0,1,0,0,0,1,0,1,0,0,0,0,1,0,0,0,0,1,0
23,1,7.650168700845001,13,0,0,0,0,1,0,0,0,1,0,0,0,0,0,0,1,0,0,0,0,0
24,2,7.150701457592526,15,0,1,0,0,0,0,0,0,0,1,0,1,0,0,1,0,0,0,0,0,0
28,2,8.335431477880796,24,0,0,0,1,0,0,0,1,1,0,0,0,0,0,0,0,0,0,1,0,0
31,1,7.327123292259293,10,0,0,0,1,0,0,0,1,1,0,0,0,0,0,0,1,0,0,1,0,0
24,2,8.655737000864297,24,0,0,1,0,0,0,0,0,0,0,0,0,0,0,0,1,0,0,0,0,0
26,1,8.188411308079031,21,0,0,0,1,0,0,0,0,0,1,0,0,0,0,0,0,0,0,1,0,0
25,2,8.074960359115858,18,0,0,0,0,1,0,0,1,0,1,0,0,1,0,0,1,0,0,0,0,0
33,3,8.398184404834035,18,0,0,0,0,0,0,0,1,1,0,0,0,0,0,0,1,0,0,1,0,0
37,1,8.28121766128665,10,1,0,0,0,0,0,0,1,1,0,0,0,0,0,0,0,0,1,0,1,0
43,1,7.285506548522785,15,0,0,0,0,1,0,0,0,1,0,0,0,0,0,0,0,1,0,0,1,0
23,2,6.782192056006791,13,0,0,0,0,1,0,0,1,1,0,0,0,0,0,0,1,0,0,0,0,0
23,0,8.231642179973411,24,0,0,0,0,1,0,0,0,0,1,0,0,1,0,0,1,0,0,0,0,0
34,1,7.463363045520021,6,0,0,0,0,0,0,0,1,1,0,1,0,0,0,0,0,1,0,1,0,0
32,2,7.035268599281097,9,0,0,1,0,0,0,0,1,0,0,0,0,0,1,1,1,0,0,1,0,0
23,2,7.119635638017636,9,0,1,0,0,0,0,0,0,0,1,0,0,0,0,0,0,1,0,0,0,0
29,2,6.8658910748834385,9,0,0,0,1,0,0,0,0,1,0,0,0,0,0,1,1,0,0,1,0,0
38,3,8.079927770758275,18,1,0,0,0,0,0,0,1,1,0,0,1,0,0,0,0,1,0,0,1,0
28,2,8.73214326770192,12,0,0,0,0,1,0,0,1,0,1,0,0,0,0,1,0,0,0,1,0,0
46,2,6.588926477533519,10,0,0,1,0,0,0,0,1,0,0,0,0,1,0,0,0,1,0,0,1,0
23,1,7.1276936993473985,24,1,0,0,0,0,0,0,1,1,0,0,0,0,0,1,1,0,0,0,0,0
49,2,7.754052639035757,12,0,0,0,0,1,0,0,1,1,0,0,1,0,0,0,0,1,0,0,1,0
26,3,8.40357646462927,36,0,0,0,0,1,0,0,1,1,0,0,0,0,0,1,0,1,0,1,0,0
28,2,6.654152520183219,12,0,0,0,0,1,0,0,1,1,0,0,0,0,0,0,0,1,0,1,0,0
23,2,7.785720896534624,30,0,0,0,1,0,0,0,0,0,1,0,0,0,0,1,0,0,0,0,0,0
61,2,7.122059881629142,18,0,0,1,0,0,0,0,1,0,0,0,1,0,0,0,1,0,0,0,0,1
37,3,8.131236549696116,12,0,0,0,0,1,0,0,1,1,0,0,1,0,0,0,0,0,1,0,1,0
36,2,7.717351272185329,12,1,0,0,0,0,0,0,0,1,0,0,0,0,0,0,0,0,1,0,1,0
21,2,7.476472381163905,6,0,0,0,1,0,0,0,1,0,1,0,0,0,0,0,0,1,0,0,0,0
25,0,7.813187267521416,18,0,0,0,1,0,0,0,1,1,0,0,0,0,0,1,0,0,0,0,0,0
36,2,7.340835554123275,12,0,0,0,0,0,0,0,1,1,0,0,0,0,0,0,0,1,0,0,1,0
27,2,8.25582842728183,18,1,0,0,0,0,0,0,1,1,0,0,0,0,0,0,0,1,0,1,0,0
22,2,8.202482446576537,18,0,0,0,1,0,0,0,0,0,1,0,0,0,0,0,0,0,0,0,0,0
42,2,8.144969417087875,36,0,0,0,1,0,0,0,1,1,0,0,0,0,0,1,0,0,0,0,1,0
40,2,8.006700845440367,18,0,0,0,1,0,0,0,0,0,1,0,0,0,0,0,1,0,0,0,1,0
36,2,8.0323601479245,36,1,0,0,0,0,0,0,1,1,0,0,1,0,0,0,0,1,0,0,1,0
33,2,8.711113884053544,18,0,0,0,0,1,0,0,1,1,0,0,0,0,0,0,0,1,0,1,0,0
23,2,7.671360923190644,10,0,0,0,1,0,0,0,0,0,1,0,0,0,0,0,0,1,0,0,0,0
63,3,9.529230371552156,60,1,0,0,0,0,0,0,1,0,0,0,1,0,0,0,0,1,0,0,0,1
60,3,9.601165503344832,60,0,0,0,0,0,0,1,0,0,0,1,0,0,0,1,1,0,0,0,1,0
37,2,8.947025655972697,48,0,0,0,0,0,0,0,0,0,1,0,0,0,0,1,0,0,0,0,1,0
34,2,7.749322464660356,18,0,0,0,0,1,0,0,1,1,0,0,0,0,0,0,0,1,0,1,0,0
36,2,6.740519359606223,7,0,0,0,0,1,0,0,1,0,0,0,1,0,0,0,0,1,0,0,1,0
57,3,9.56927276595613,36,1,0,0,0,0,0,0,1,0,0,0,0,0,0,1,1,0,0,0,1,0
52,1,5.8916442118257715,6,1,0,0,0,0,0,0,0,1,0,1,0,0,0,0,0,1,0,0,1,0
39,2,7.701652362642226,20,0,0,0,1,0,0,0,1,1,0,0,1,0,0,0,0,0,0,0,1,0
38,3,9.470856776355195,18,1,0,0,0,0,0,0,0,0,0,0,0,0,0,1,1,0,0,0,1,0
25,2,7.1569563646156364,22,1,0,0,0,0,0,0,0,0,1,0,1,0,0,0,0,1,0,0,0,0
26,2,7.1929342212158,12,1,0,0,0,0,0,0,1,1,0,0,0,0,0,0,0,0,1,1,0,0
26,1,8.35983738064003,30,0,0,0,0,0,0,0,1,1,0,1,0,0,0,0,0,1,0,1,0,0
25,2,7.71333788887187,18,0,0,0,0,1,0,0,0,1,0,0,0,0,0,0,0,1,0,0,0,0
21,2,7.026426808699636,18,0,0,0,0,1,0,0,0,0,1,0,1,0,0,0,0,1,0,0,0,0
40,3,8.90571557879409,18,0,0,0,1,0,0,0,1,1,0,0,0,0,0,0,1,0,0,0,1,0
27,2,7.75190533307861,15,0,0,0,0,0,0,0,1,1,0,0,0,1,0,0,1,0,0,1,0,0
27,2,7.278628942320682,9,0,0,0,0,0,0,0,0,1,0,0,0,0,0,0,0,1,0,1,0,0
30,3,7.506591780070841,18,1,0,0,0,0,0,0,1,1,0,0,0,0,0,0,0,1,0,1,0,0
19,1,6.890609120147166,12,0,0,0,1,0,0,0,0,0,1,0,0,0,1,0,1,0,0,0,0,0
39,3,8.0861025356691,36,1,0,0,0,0,0,0,1,0,0,0,0,0,0,0,0,0,0,0,1,0
31,2,7.579167967396076,6,0,0,0,0,1,0,0,0,1,0,0,0,0,0,0,0,0,0,1,0,0
31,3,7.785720896534624,9,0,0,0,1,0,0,0,1,1,0,0,0,0,0,0,0,1,0,1,0,0
32,2,9.372459221452617,39,0,0,1,0,0,0,0,1,0,1,1,0,0,0,0,1,0,0,1,0,0
55,3,7.8547691834991324,12,0,0,0,1,0,0,0,0,0,0,0,0,0,0,0,0,0,0,0,1,0
46,2,7.761319180947987,36,0,0,0,1,0,0,0,1,1,0,0,0,0,0,0,0,0,0,0,1,0
46,2,7.109062135687172,12,1,0,0,0,0,0,0,1,0,1,0,0,0,0,1,1,0,0,0,1,0
43,1,7.323830566202317,24,0,0,0,0,1,0,0,0,1,0,0,0,0,1,0,0,1,0,0,1,0
39,2,7.29505641646263,18,0,0,0,0,1,0,0,1,1,0,0,0,0,0,0,0,1,0,0,1,0
28,2,7.54274354536855,18,0,0,0,0,0,0,0,1,1,0,0,1,0,0,0,1,0,0,1,0,0
27,2,9.065083359319043,24,0,0,0,0,0,0,0,1,1,0,0,0,0,0,1,0,1,0,1,0,0
27,1,6.687108607866515,14,1,0,0,0,0,0,0,1,1,0,0,0,0,0,0,0,1,0,1,0,0
43,2,7.972121128921655,18,1,0,0,0,0,0,0,1,1,0,0,1,0,0,0,1,0,0,0,1,0
22,2,7.620214770574455,24,0,0,0,0,1,0,0,1,1,0,0,0,0,0,1,1,0,0,0,0,0
43,2,7.69484807238461,24,1,0,0,0,0,0,0,1,1,0,0,1,0,0,0,0,1,0,0,1,0
27,2,6.959398512133975,15,0,0,0,0,1,0,0,1,1,0,0,0,0,0,0,0,0,0,1,0,0
26,3,8.081784206935001,24,0,0,0,0,1,0,0,1,1,0,0,0,1,0,0,0,1,0,1,0,0
28,2,6.844815479208263,12,1,0,0,0,0,0,0,1,1,0,0,0,1,0,1,0,0,1,1,0,0
20,2,7.584264818389059,24,0,0,0,0,1,0,0,0,1,0,0,0,0,0,0,1,0,0,0,0,0
35,3,8.889170455363413,33,1,0,0,0,0,0,0,1,1,0,0,0,0,0,0,0,1,0,1,0,0
42,3,7.73718007783463,12,0,0,0,0,0,0,0,1,1,0,0,0,0,0,1,0,1,0,0,1,0
40,1,7.3758821482150125,10,1,0,0,0,0,0,0,1,0,1,0,0,1,0,0,0,1,0,0,1,0
35,2,7.2305631534092925,24,1,0,0,0,0,0,0,0,1,0,0,1,0,0,1,0,0,0,1,0,0
35,2,8.672828482947686,36,1,0,0,0,0,0,0,1,1,0,0,0,0,0,0,0,1,0,1,0,0
33,1,7.8551570058813445,12,1,0,0,0,0,0,0,1,1,0,0,0,0,0,1,0,0,0,1,0,0
23,2,9.044403844431551,18,0,0,1,0,0,0,0,0,0,1,0,1,0,0,0,0,0,0,0,0,0
31,3,7.930925372483388,21,1,0,0,0,0,0,0,0,1,0,0,0,1,0,0,0,1,0,1,0,0
33,2,6.948897222313312,18,1,0,0,0,0,0,0,0,1,0,0,1,0,0,1,1,0,0,1,0,0
20,2,8.066521490469993,15,1,0,0,0,0,0,0,0,0,1,0,0,0,1,0,0,1,0,0,0,0
30,2,7.614805364711073,12,1,0,0,0,0,0,0,1,1,0,0,1,0,0,0,1,0,0,1,0,0
47,1,6.86484777797086,12,1,0,0,0,0,0,0,1,1,0,0,0,0,0,0,1,0,0,0,1,0
34,3,7.372118028337787,21,0,0,0,1,0,0,0,1,1,0,1,0,0,0,0,0,1,0,1,0,0
25,2,7.923710333969238,12,0,0,0,1,0,0,0,0,1,0,0,1,0,0,1,1,0,0,0,0,0
21,2,7.929846429742503,18,1,0,0,0,0,0,0,1,0,1,0,0,0,0,0,1,0,0,0,0,0
29,2,7.916807490937603,28,0,0,0,0,1,0,0,1,1,0,0,0,0,0,0,0,1,0,1,0,0
46,2,7.046647277848756,18,0,0,0,0,1,0,0,1,1,0,0,0,0,1,0,0,1,0,0,1,0
20,2,7.180069874302796,9,0,0,0,1,0,0,0,1,1,0,0,0,0,0,0,0,1,0,0,0,0
55,0,7.081708586105575,18,0,0,0,0,0,1,0,0,0,0,0,0,0,0,1,0,0,0,0,1,0
74,1,8.145549631783584,5,0,0,0,0,0,0,0,1,1,0,0,0,0,0,0,0,1,0,0,0,1
29,3,9.3350328159335,24,0,0,0,0,0,0,1,1,1,0,0,0,0,0,1,1,0,0,1,0,0
36,3,7.534762657037537,6,0,0,0,1,0,0,0,1,0,0,0,0,0,0,0,0,0,0,0,1,0
33,2,7.629489916393995,24,0,0,0,0,0,1,0,1,1,0,0,0,0,0,0,0,1,0,1,0,0
25,2,7.666690200080086,9,0,0,0,1,0,0,0,1,1,0,0,0,0,0,0,0,0,0,0,0,0
25,2,7.302496423727326,12,0,0,0,0,1,0,0,1,1,0,0,1,0,0,1,1,0,0,0,0,0
23,1,6.492239835020471,6,0,0,0,0,0,1,0,1,0,1,0,0,1,0,0,0,1,0,0,0,0
37,2,7.160069207596127,24,1,0,0,0,0,0,0,0,1,0,0,0,0,1,0,0,1,0,0,1,0
65,0,8.129764445794171,42,0,0,0,0,0,1,0,1,1,0,0,0,0,0,0,0,0,0,0,0,1
26,0,6.411818267709897,12,0,0,0,0,0,0,0,0,1,0,0,0,0,0,1,0,0,1,1,0,0
39,3,7.5411524551363085,12,1,0,0,0,0,0,0,1,1,0,0,0,0,0,0,0,1,0,0,1,0
30,2,7.3901814282264295,12,0,0,0,1,0,0,0,0,1,0,0,0,0,0,0,0,0,0,1,0,0
29,2,7.874358824729881,20,0,0,0,0,0,0,1,1,1,0,0,0,0,0,0,1,0,0,1,0,0
41,1,6.577861357721047,12,0,0,1,0,0,0,0,1,1,0,0,0,0,0,1,0,1,0,0,1,0
30,3,8.536211197252,48,0,0,0,1,0,0,0,0,1,0,0,0,0,0,1,1,0,0,1,0,0
41,1,7.126087273299125,9,0,0,1,0,0,0,0,0,0,1,0,1,0,0,0,0,1,0,0,1,0
34,2,7.518607216815252,36,1,0,0,0,0,0,0,0,1,0,0,0,0,0,1,0,0,0,1,0,0
35,2,7.853993087224244,7,0,0,0,0,1,0,0,1,1,0,0,0,0,0,0,1,0,0,1,0,0
55,3,7.261225091971921,12,0,0,0,1,0,0,0,0,1,0,0,1,0,0,0,0,0,1,0,1,0
61,2,7.321188556739478,15,0,0,0,0,0,1,0,1,1,0,0,0,0,1,1,1,0,0,0,0,1
30,3,9.310547632393208,36,1,0,0,0,0,0,0,1,1,0,0,1,0,0,0,0,1,0,1,0,0
29,2,6.249975242259483,6,0,0,0,0,1,0,0,0,1,0,0,0,0,0,0,0,1,0,1,0,0
34,2,7.922623574217286,12,0,0,0,1,0,0,0,1,1,0,0,0,0,0,0,0,1,0,1,0,0
35,3,7.8898337513942955,24,1,0,0,0,0,0,0,1,1,0,0,0,0,0,0,0,1,0,1,0,0
31,2,8.479906606630221,24,1,0,0,0,0,0,0,1,1,0,0,0,0,0,1,0,0,0,1,0,0
29,3,7.893198869544609,24,1,0,0,0,0,0,0,0,1,0,0,0,0,0,0,0,1,0,1,0,0
36,2,8.270013062273787,11,1,0,0,0,0,0,0,1,0,1,0,0,0,0,0,0,0,0,0,1,0
35,2,8.12740456269308,12,1,0,0,0,0,0,0,1,0,0,0,0,0,0,1,0,0,0,1,0,0
27,2,5.8377304471659395,6,0,1,0,0,0,0,0,0,1,0,0,0,0,0,0,0,0,0,1,0,0
32,2,8.432506383249043,18,0,0,0,0,1,0,0,1,1,0,0,0,0,0,0,0,1,0,1,0,0
37,2,8.194229304819817,36,0,0,0,1,0,0,0,1,1,0,0,0,0,0,0,0,0,0,0,1,0
36,2,7.450660796211539,15,1,0,0,0,0,0,0,1,1,0,0,0,0,0,0,0,0,0,0,1,0
34,3,8.012018239159062,12,0,0,0,1,0,0,0,0,0,1,0,0,0,0,0,1,0,0,1,0,0
38,2,6.625392368007956,12,0,0,1,0,0,0,0,1,1,0,0,1,0,0,0,1,0,0,0,1,0
34,2,7.575584651557793,18,0,0,0,0,0,0,0,1,1,0,0,0,0,0,0,0,1,0,1,0,0
63,2,7.980707820869669,24,1,0,0,0,0,0,0,1,1,0,0,0,0,0,0,0,0,0,0,0,1
29,1,7.413970290190444,24,0,0,0,0,1,0,0,0,0,1,0,0,0,0,1,0,0,0,1,0,0
32,2,8.887100204123687,48,0,0,0,0,1,0,0,1,1,0,0,1,0,0,0,0,1,0,1,0,0
26,2,7.92443418488756,33,0,0,0,0,0,0,0,0,1,0,0,0,0,0,0,0,1,0,1,0,0
35,1,8.450839690866216,24,1,0,0,0,0,0,0,1,1,0,0,0,0,0,0,0,1,0,1,0,0
22,2,8.036573409707312,24,0,0,0,0,1,0,0,1,0,1,1,0,0,0,1,1,0,0,0,0,0
23,2,6.104793232414985,6,0,0,1,0,0,0,0,0,1,0,0,0,0,0,1,0,0,0,0,0,0
28,1,6.483107351457199,9,1,0,0,0,0,0,0,1,1,0,0,0,0,0,1,0,0,0,1,0,0
36,3,7.121252453244542,6,0,0,1,0,0,0,0,1,1,0,0,1,0,0,0,0,1,0,0,1,0
33,2,7.126890808898808,18,0,0,0,0,1,0,0,1,1,0,0,0,0,0,1,1,0,0,1,0,0
26,2,8.043663352393944,18,0,0,0,1,0,0,0,0,0,1,0,0,0,0,1,0,0,0,1,0,0
24,2,7.851271997109883,39,1,0,0,0,0,0,0,1,1,0,0,0,1,0,0,0,1,0,0,0,0
25,2,8.54714026778419,24,0,0,0,0,1,0,0,1,1,0,0,0,0,0,0,0,0,1,0,0,0
39,1,6.9440872082295275,12,0,0,0,0,0,0,0,1,1,0,1,0,0,0,0,1,0,0,0,1,0
44,2,7.298445101508147,15,0,0,0,1,0,0,0,1,1,0,0,0,0,0,0,0,0,0,0,1,0
23,1,8.181160858023409,12,0,0,0,0,1,0,0,0,1,0,0,0,0,0,0,1,0,0,0,0,0
26,2,7.0909098220799835,24,1,0,0,0,0,0,0,1,1,0,0,0,0,0,0,1,0,0,1,0,0
57,2,8.19478163844336,30,0,0,0,1,0,0,0,0,0,1,0,0,0,1,0,0,0,0,0,1,0
30,2,6.866933284461882,15,0,0,0,1,0,0,0,0,1,0,0,0,0,1,0,0,1,0,1,0,0
44,2,7.0587581525186645,12,1,0,0,0,0,0,0,1,1,0,0,0,1,0,0,0,1,0,0,1,0
47,3,7.097548850614793,6,1,0,0,0,0,0,0,1,1,0,0,0,0,0,1,1,0,0,0,1,0
52,2,8.031710375322042,12,0,0,0,0,1,0,0,1,1,0,0,0,0,0,0,0,1,0,0,1,0
62,2,8.231376045573969,24,1,0,0,0,0,0,0,0,0,0,0,0,0,0,0,0,1,0,0,0,1
35,1,7.257002707092073,10,1,0,0,0,0,0,0,1,0,1,1,0,0,0,0,0,1,0,1,0,0
26,2,8.165647925297504,6,1,0,0,0,0,0,0,1,0,1,0,0,0,0,0,0,1,0,1,0,0
26,2,7.56734567601324,12,0,0,0,0,1,0,0,1,1,0,0,0,0,0,0,0,1,0,1,0,0
42,3,9.026177120302856,27,0,0,0,0,0,0,0,0,0,0,0,0,0,0,1,1,0,0,0,1,0
27,2,7.1204443723924875,6,0,0,0,0,1,0,0,0,1,0,1,0,0,0,0,0,1,0,1,0,0
38,2,5.908082938168931,6,0,0,0,0,1,0,0,1,1,0,0,1,0,0,0,1,0,0,0,1,0
39,1,7.660114319173928,12,1,0,0,0,0,0,0,1,0,1,0,0,0,0,0,0,0,0,0,1,0
20,2,8.005033344637111,24,0,0,0,1,0,0,0,1,1,0,0,1,0,0,1,0,0,0,0,0,0
29,3,9.108750516214549,36,0,0,0,1,0,0,0,1,0,1,1,0,0,0,1,1,0,0,1,0,0
40,2,7.368339686311381,24,0,0,0,1,0,0,0,1,1,0,0,0,0,0,0,0,1,0,0,1,0
32,1,7.170888478512505,18,0,0,0,0,1,0,0,1,1,0,0,0,0,0,0,1,0,0,1,0,0
28,2,7.187657164114956,6,1,0,0,0,0,0,0,1,1,0,1,0,0,0,0,0,0,1,1,0,0
27,2,8.046549357283078,24,1,0,0,0,0,0,0,0,1,0,0,0,0,0,1,0,0,0,1,0,0
42,2,8.61122983334262,36,1,0,0,0,0,0,0,1,0,0,0,0,0,0,0,0,0,0,0,1,0
49,2,7.026426808699636,9,0,0,0,0,1,0,0,1,1,0,1,0,0,0,0,0,0,1,0,1,0
38,2,7.103322062526113,24,0,0,0,0,1,0,0,1,1,0,1,0,0,0,1,1,0,0,0,1,0
24,2,7.095893221097532,24,1,0,0,0,0,0,0,0,0,1,0,0,0,0,1,0,0,0,0,0,0
27,1,7.1770187659099,10,1,0,0,0,0,0,0,1,1,0,0,1,0,0,1,0,1,0,1,0,0
36,2,7.7664168980196555,15,1,0,0,0,0,0,0,1,1,0,0,0,1,0,0,0,0,1,0,1,0
34,3,8.83200393125627,15,1,0,0,0,0,0,0,1,1,0,1,0,0,0,1,1,0,0,1,0,0
28,2,7.253470382684528,24,0,0,0,0,1,0,0,1,1,0,0,0,0,0,0,0,1,0,1,0,0
45,3,9.058121158998672,39,1,0,0,0,0,0,0,1,1,0,1,0,0,0,0,0,1,0,0,1,0
26,2,6.63200177739563,12,1,0,0,0,0,0,0,1,1,0,0,0,0,0,1,0,0,0,1,0,0
32,3,8.452334619067742,36,1,0,0,0,0,0,0,1,0,0,0,0,0,0,0,0,1,0,1,0,0
26,2,7.8961806086154915,15,0,0,0,0,0,0,0,1,0,1,0,0,0,0,0,0,0,1,1,0,0
20,2,6.371611847231857,12,0,0,0,0,1,0,0,1,0,1,0,0,0,0,0,1,0,0,0,0,0
54,2,7.720905251936779,24,1,0,0,0,0,0,0,1,1,0,0,1,0,0,0,0,1,0,0,1,0
37,2,6.411818267709897,6,1,0,0,0,0,0,0,0,1,0,0,0,0,0,0,0,0,0,0,1,0
40,1,7.215975002651466,6,1,0,0,0,0,0,0,1,1,0,0,0,0,0,0,0,0,0,0,1,0
23,2,8.871645667501872,36,0,0,0,1,0,0,0,0,0,1,0,0,0,0,1,0,1,0,0,0,0
43,2,7.0925737159746784,6,1,0,0,0,0,0,0,1,1,0,1,0,0,0,0,0,0,0,0,1,0
36,2,6.551080335043404,6,0,0,0,0,1,0,0,1,0,0,0,1,0,0,0,0,1,0,0,1,0
44,2,8.613775289262481,24,0,0,0,0,0,1,0,1,0,0,0,0,0,0,0,0,1,0,0,1,0
24,2,8.06777619577889,18,0,0,0,0,1,0,0,0,1,0,0,0,0,0,1,0,0,0,0,0,0
53,2,8.870522545103873,48,0,0,0,1,0,0,0,1,0,0,0,0,0,0,1,0,0,0,0,1,0
23,2,8.15708378502887,24,1,0,0,0,0,0,0,0,1,0,1,0,0,0,0,0,1,0,0,0,0
26,1,7.014814351275545,18,0,0,0,0,1,0,0,0,1,0,0,0,0,0,0,1,0,0,1,0,0
30,2,8.982937763741589,26,1,0,0,0,0,0,0,1,1,0,0,0,0,0,0,1,0,0,1,0,0
31,2,7.3343293503005365,15,0,0,1,0,0,0,0,0,1,0,1,0,0,0,0,0,1,0,1,0,0
42,1,7.315218389752975,4,0,0,0,0,1,0,0,1,1,0,0,0,0,0,0,0,1,0,0,1,0
31,2,7.741533589281828,36,0,0,0,0,1,0,0,1,0,1,0,0,0,0,1,0,0,0,1,0,0
41,1,6.495265555937008,6,1,0,0,0,0,0,0,1,1,0,0,0,0,0,0,0,0,0,0,1,0
32,2,7.728855823852543,36,0,0,1,0,0,0,0,1,1,0,0,0,0,0,0,1,0,0,1,0,0
28,2,7.875119281040293,15,1,0,0,0,0,0,0,0,0,1,1,0,0,0,1,1,0,0,1,0,0
41,2,7.315218389752975,12,1,0,0,0,0,0,0,1,0,1,0,0,0,0,0,0,1,0,0,1,0
26,2,7.1785454837637,24,0,0,0,0,1,0,0,1,1,0,1,0,0,0,0,0,1,0,1,0,0
25,2,8.040768994367578,24,0,0,0,0,1,0,0,1,1,0,0,1,0,0,0,0,1,0,0,0,0
33,2,7.7488913372555315,21,0,0,1,0,0,0,0,1,0,1,0,0,0,0,1,0,0,1,1,0,0
75,3,7.2254814727822945,6,1,0,0,0,0,0,0,0,1,0,0,1,0,0,0,0,0,0,0,0,1
37,2,8.192016914536875,18,0,0,0,1,0,0,0,0,1,0,0,0,0,0,0,1,0,0,0,1,0
42,3,8.95712413640568,48,1,0,0,0,0,0,0,1,0,0,0,0,0,0,1,0,0,0,0,1,0
45,1,8.022568946988255,18,0,0,0,1,0,0,0,0,1,0,0,0,0,0,0,0,0,1,0,1,0
23,2,7.335633981927201,12,0,0,0,0,1,0,0,1,0,1,0,0,0,0,1,1,0,0,0,0,0
60,2,7.616775808698373,24,1,0,0,0,0,0,0,1,0,0,0,0,0,0,0,0,1,0,0,1,0
31,2,8.756210091886738,30,0,0,0,1,0,0,0,1,1,0,0,1,0,0,1,0,0,0,1,0,0
34,1,7.9599745280805365,18,0,0,0,1,0,0,0,1,1,0,0,0,0,0,1,0,0,1,1,0,0
61,1,7.134890851565884,12,1,0,0,0,0,0,0,1,1,0,0,0,0,0,0,0,1,0,0,0,1
43,2,7.195187320178709,24,1,0,0,0,0,0,0,1,0,0,0,0,0,0,1,0,0,0,0,1,0
37,2,7.611842399580417,24,1,0,0,0,0,0,0,0,1,0,0,0,0,0,0,0,1,0,0,1,0
32,2,7.347299700743164,24,0,0,0,0,1,0,0,1,1,0,0,0,0,0,0,0,1,0,1,0,0
24,1,6.439350371100098,12,0,0,0,0,1,0,0,0,1,0,0,0,0,0,1,0,0,0,0,0,0
35,2,9.089076284483143,48,1,0,0,0,0,0,0,1,0,0,0,1,0,0,0,0,1,0,1,0,0
23,2,6.903747257584598,12,0,0,0,0,0,1,0,0,1,0,0,1,0,0,0,0,1,0,0,0,0
45,1,7.4673710669175595,6,0,0,0,0,1,0,0,1,1,0,0,0,1,0,0,0,1,0,0,1,0
34,2,8.85352256068954,48,0,0,0,0,1,0,0,1,1,0,0,0,0,0,1,0,0,0,1,0,0
27,2,7.598399329323964,12,1,0,0,0,0,0,0,1,1,0,1,0,0,0,0,1,0,0,1,0,0
67,3,7.089243155027514,9,0,0,1,0,0,0,0,0,1,0,0,0,0,0,0,1,0,0,0,0,1
22,2,7.193685818395112,12,0,0,0,0,1,0,0,1,1,0,0,0,0,0,1,1,0,0,0,0,0
28,2,7.731053144007127,18,1,0,0,0,0,0,0,0,1,0,1,0,0,0,1,1,0,0,1,0,0
29,2,8.517793011488205,21,1,0,0,0,0,0,0,0,1,0,0,1,0,0,1,0,1,0,1,0,0
27,2,8.17526610411206,24,0,0,0,1,0,0,0,1,1,0,0,0,0,0,1,0,0,0,1,0,0
31,1,7.564238475170491,18,0,0,0,1,0,0,0,1,1,0,0,0,0,0,1,1,0,0,1,0,0
49,2,7.994294986415977,24,1,0,0,0,0,0,0,1,0,0,0,1,0,0,0,0,0,0,0,1,0
24,1,7.343426229147367,24,0,0,0,0,1,0,0,1,0,1,0,0,0,0,1,0,0,0,0,0,0
29,2,6.52649485957079,6,0,0,0,0,1,0,0,0,1,0,0,0,0,0,0,0,0,1,1,0,0
37,2,9.424564261115739,36,1,0,0,0,0,0,0,1,0,0,0,1,0,0,1,1,0,0,0,1,0
37,3,8.457867725331422,24,0,0,0,0,0,0,0,1,1,0,0,1,0,0,0,1,0,0,0,1,0
23,2,7.347943823148687,24,0,0,0,0,1,0,0,0,0,1,1,0,0,0,0,1,0,0,0,0,0
36,2,7.22402480828583,12,1,0,0,0,0,0,0,1,1,0,0,0,0,0,1,0,0,0,0,1,0
34,2,7.8547691834991324,24,0,0,0,0,1,0,0,1,1,0,0,0,0,1,0,0,1,0,1,0,0
41,2,8.288785810426928,48,0,0,0,0,1,0,0,1,1,0,0,1,0,0,0,1,0,0,0,1,0
31,2,8.818482267274236,48,0,0,0,0,1,0,0,0,1,0,0,0,0,0,1,0,0,0,1,0,0
23,1,8.081475040137052,24,0,0,0,1,0,0,0,0,0,1,0,0,0,0,1,0,0,0,0,0,0
38,2,8.691818541575723,30,0,0,0,0,1,0,0,1,1,0,0,0,0,0,0,0,1,0,0,1,0
26,3,8.600246746551523,24,1,0,0,0,0,0,0,0,0,1,0,1,0,0,0,0,1,0,1,0,0
22,1,6.692083742506628,15,0,0,0,0,0,0,0,0,1,0,0,0,0,0,0,0,0,0,0,0,0
27,1,6.9865664594064265,9,0,0,0,0,1,0,0,1,1,0,0,0,0,0,0,1,0,0,1,0,0
24,2,7.933079771880415,15,0,0,0,1,0,0,0,0,1,0,0,0,0,0,0,0,1,0,0,0,0
27,2,7.982757702011113,12,0,0,0,0,1,0,0,0,1,0,0,0,0,0,0,1,0,0,1,0,0
33,2,7.563719668414366,24,0,0,1,0,0,0,0,0,1,0,0,1,0,0,0,0,1,0,1,0,0
27,2,7.944492163932159,36,1,0,0,0,0,0,0,1,1,0,0,0,0,0,1,1,0,0,1,0,0
27,1,6.842683282238422,24,0,0,1,0,0,0,0,1,1,0,0,0,0,0,0,0,1,0,1,0,0
30,2,6.962243464266207,18,1,0,0,0,0,0,0,1,1,0,0,0,0,0,1,1,0,0,1,0,0
49,1,8.046869510959576,12,1,0,0,0,0,0,0,1,1,0,0,0,0,0,0,1,0,0,0,1,0
26,2,7.23561914106675,9,0,0,0,1,0,0,0,0,0,1,0,0,0,0,0,0,1,0,1,0,0
33,1,7.776535028185241,36,0,0,0,0,0,1,0,1,0,1,0,0,0,0,1,1,0,0,1,0,0
52,3,7.665284718471351,12,1,0,0,0,0,0,0,0,0,0,0,1,0,0,0,0,1,0,0,1,0
20,2,7.620214770574455,18,0,0,0,1,0,0,0,0,0,1,0,0,0,0,1,0,0,0,0,0,0
36,2,7.937017489515454,9,1,0,0,0,0,0,0,1,0,1,0,0,0,0,0,0,0,0,0,1,0
21,1,7.161622002939187,12,0,0,0,1,0,0,0,1,1,0,0,0,0,0,0,0,0,0,0,0,0
47,1,7.104144092987527,18,0,1,0,0,0,0,0,1,1,0,0,0,0,0,1,0,0,0,0,1,0
60,2,7.716906135298388,12,0,0,0,1,0,0,0,1,1,0,0,0,0,0,1,0,0,0,0,1,0
58,1,5.953243334287785,12,0,0,0,0,1,0,0,0,1,0,0,0,0,0,0,0,0,0,0,1,0
42,2,7.583247524303362,24,1,0,0,0,0,0,0,0,0,1,0,1,0,0,0,1,0,0,0,1,0
36,1,7.360103972989152,21,0,0,0,0,0,0,0,0,1,0,0,0,0,1,0,0,1,0,0,1,0
20,1,7.907651594711089,24,1,0,0,0,0,0,0,0,0,1,0,0,0,0,1,1,0,0,0,0,0
40,3,7.213768308118642,24,0,0,0,0,0,0,1,1,1,0,0,1,0,0,1,0,0,0,0,1,0
32,1,6.836259277277067,6,1,0,0,0,0,0,0,0,1,0,1,0,0,0,1,1,0,0,1,0,0
23,2,7.273786317844895,24,1,0,0,0,0,0,0,0,0,1,0,0,0,0,1,0,0,0,0,0,0
36,1,8.352554369474591,24,0,0,0,0,0,0,0,1,1,0,0,0,0,0,1,1,0,0,0,1,0
31,2,7.928406026180535,18,1,0,0,0,0,0,0,1,1,0,0,0,0,0,1,0,1,0,1,0,0
32,2,8.259199362666282,24,0,0,0,0,0,0,0,1,0,0,0,0,0,0,0,0,1,0,1,0,0
45,2,7.753194269884341,7,0,0,0,0,1,0,0,0,1,0,0,0,0,0,0,1,0,0,0,1,0
30,2,6.822197390620491,9,0,0,0,1,0,0,0,0,1,0,0,0,0,0,1,1,0,0,1,0,0
34,1,7.515889085215125,24,0,0,1,0,0,0,0,0,0,0,0,0,0,0,1,1,0,0,1,0,0
28,3,8.116417072794205,36,0,0,0,1,0,0,0,0,1,0,0,0,0,0,1,0,1,0,1,0,0
23,2,7.150701457592526,10,0,0,0,1,0,0,0,0,1,0,0,0,0,0,0,0,0,1,0,0,0
22,2,7.947325027016463,24,0,0,0,1,0,0,0,1,1,0,0,0,1,0,0,0,0,0,0,0,0
74,3,8.417593826193484,24,0,0,0,0,0,0,0,1,1,0,0,0,0,0,0,0,1,0,0,0,1
50,2,7.890208213109961,36,0,0,0,0,1,0,0,0,0,0,1,0,0,0,1,1,0,0,0,1,0
33,2,7.62608275807238,18,0,0,0,0,1,0,0,1,1,0,0,0,0,0,0,0,1,0,1,0,0
45,2,7.170119543449628,15,1,0,0,0,0,0,0,1,0,0,0,1,0,0,0,0,1,0,0,1,0
22,2,6.608000625296087,12,0,1,0,0,0,0,0,0,1,0,1,0,0,0,1,0,0,0,0,0,0
48,1,7.122866658599083,10,1,0,0,0,0,0,0,0,0,0,1,0,0,0,1,0,0,1,0,1,0
29,2,8.118802996980035,21,0,0,0,0,1,0,0,0,1,0,0,0,0,1,0,0,0,0,1,0,0
22,2,8.197538739721184,24,1,0,0,0,0,0,0,0,0,1,0,0,0,0,0,0,0,0,0,0,0
22,2,7.4999765409521215,18,0,0,0,1,0,0,0,0,1,0,0,0,0,0,1,0,1,0,0,0,0
48,3,9.40951904583656,48,0,0,0,0,0,0,0,1,1,0,0,1,0,0,0,1,0,0,0,1,0
27,3,9.122273893107732,60,0,0,0,0,1,0,0,1,0,0,0,1,0,0,0,1,0,0,1,0,0
37,2,8.209580483475577,6,1,0,0,0,0,0,0,1,0,1,0,0,0,0,0,0,0,0,0,1,0
21,2,8.14351740579748,30,0,0,0,1,0,0,0,0,0,1,1,0,0,0,1,1,0,0,0,0,0
49,1,6.461468176353717,12,1,0,0,0,0,0,0,1,1,0,0,0,0,0,0,0,1,0,0,1,0
27,2,8.20303024171486,21,0,0,0,0,0,0,0,1,1,0,0,0,0,0,0,1,0,0,1,0,0
32,2,7.333023014386481,18,1,0,0,0,0,0,0,1,1,0,0,0,0,0,1,0,1,0,1,0,0
38,2,8.272315147956022,48,0,0,0,0,0,0,0,1,1,0,0,1,0,0,1,0,1,0,0,1,0
22,2,7.527255919373784,12,0,0,0,1,0,0,0,0,0,1,0,0,0,0,0,0,0,0,0,0,0
65,2,7.8632667240095735,18,0,0,0,0,1,0,0,1,0,0,0,0,0,0,1,0,0,0,0,0,1
35,2,7.590346945602565,15,0,0,0,0,1,0,0,1,1,0,0,1,0,0,0,0,1,0,1,0,0
41,2,7.65728279297819,6,0,0,0,1,0,0,0,1,1,0,0,0,0,0,0,0,0,1,0,1,0
29,2,7.270312886079025,9,1,0,0,0,0,0,0,1,1,0,1,0,0,0,1,1,0,0,1,0,0
36,2,8.304494897963567,42,0,0,0,1,0,0,0,1,1,0,0,0,1,0,0,0,1,0,0,1,0
64,1,8.251142139090751,9,0,0,1,0,0,0,0,1,1,0,0,1,0,0,0,0,1,0,0,0,1
28,2,8.205218426395412,24,0,0,0,0,1,0,0,0,1,0,0,0,0,0,0,0,0,0,1,0,0
44,2,7.347943823148687,18,0,0,0,1,0,0,0,1,1,0,0,0,0,0,1,0,0,0,0,1,0
23,2,7.275172319452771,15,0,0,0,0,1,0,0,1,1,0,0,1,0,0,0,1,0,0,0,0,0
19,2,7.590852123688581,9,0,0,0,1,0,0,0,0,0,1,0,0,0,0,1,0,1,0,0,0,0
25,1,7.2115567333138015,24,1,0,0,0,0,0,0,0,1,0,0,0,0,0,1,1,0,0,0,0,0
47,2,7.239214973779806,12,0,0,1,0,0,0,0,1,1,0,0,0,0,0,0,0,1,0,0,1,0
28,2,7.226936018493289,24,0,0,0,0,1,0,0,0,1,0,0,0,1,0,0,0,1,0,1,0,0
21,2,9.658417870888224,60,0,0,0,0,1,0,0,1,1,0,0,0,0,0,0,0,1,0,0,0,0
34,2,7.30854279753919,12,0,0,0,0,1,0,0,0,1,0,0,0,0,0,0,0,1,0,1,0,0
26,2,8.382518288089635,42,0,0,0,0,1,0,0,1,1,0,0,0,0,0,1,0,0,0,1,0,0
27,0,6.620073206530356,18,0,0,1,0,0,0,0,0,1,0,0,0,0,0,1,0,0,0,1,0,0
38,1,7.176254532017144,15,0,0,0,0,0,1,0,1,1,0,0,0,0,0,0,1,0,0,0,1,0
40,3,8.438799123988225,15,0,0,1,0,0,0,0,1,1,0,1,0,0,0,1,0,1,0,0,1,0
33,2,7.523481312573497,24,0,0,0,0,1,0,0,1,1,0,0,0,0,0,0,0,1,0,1,0,0
32,3,7.539027055823995,18,0,0,0,0,1,0,0,1,1,0,0,0,0,0,0,0,0,0,1,0,0
27,2,8.984693690443855,36,0,0,0,0,0,0,0,1,0,1,0,1,0,0,1,0,1,0,1,0,0
32,2,8.430109084509125,30,0,0,0,1,0,0,0,1,1,0,0,0,0,0,0,0,0,0,1,0,0
26,2,7.234177179749849,12,1,0,0,0,0,0,0,0,1,0,0,0,1,0,1,0,1,0,1,0,0
38,2,6.853299093186078,24,1,0,0,0,0,0,0,1,0,0,0,0,0,0,1,0,0,1,0,1,0
40,1,6.52795791762255,12,0,0,1,0,0,0,0,1,0,1,0,0,0,0,1,0,0,0,0,1,0
50,3,8.919453168575453,48,0,0,1,0,0,0,0,1,0,0,0,0,0,0,0,0,0,0,0,1,0
37,1,7.561121589530238,12,0,0,0,1,0,0,0,1,1,0,0,0,0,0,1,1,0,0,0,1,0
45,2,7.741967899820685,24,1,0,0,0,0,0,0,1,1,0,0,0,0,0,1,0,0,0,0,1,0
42,3,8.997889450200717,36,1,0,0,0,0,0,0,1,1,0,1,0,0,0,1,1,0,0,0,1,0
35,2,7.76046702921342,24,1,0,0,0,0,0,0,1,1,0,0,0,0,0,0,0,1,0,1,0,0
22,2,8.287276755814599,14,1,0,0,0,0,0,0,1,0,0,0,0,0,0,0,0,0,0,0,0,0
41,1,6.78897174299217,12,1,0,0,0,0,0,0,1,1,0,0,0,0,0,1,1,0,0,0,1,0
37,2,9.232297539328226,48,0,0,0,0,1,0,0,1,1,0,0,1,0,0,0,0,1,0,0,1,0
28,2,8.347827345782498,30,0,0,0,0,0,0,0,0,1,0,0,0,0,0,0,1,0,0,1,0,0
41,2,8.757940876678804,18,0,0,0,1,0,0,0,1,1,0,0,0,0,0,0,1,0,0,0,1,0
23,2,7.167809184316444,12,0,0,0,0,1,0,0,1,0,1,0,0,0,0,0,0,0,1,0,0,0
23,2,6.802394763324311,12,1,0,0,0,0,0,0,1,1,0,0,1,0,0,1,0,0,0,0,0,0
50,2,7.714677473800927,21,0,0,0,1,0,0,0,1,1,0,0,0,0,0,0,0,1,0,0,1,0
35,3,6.956545443151569,6,0,0,0,1,0,0,0,1,1,0,0,0,0,0,0,1,0,0,1,0,0
50,1,6.953684210870537,6,0,0,1,0,0,0,0,0,1,0,0,0,0,0,0,0,0,1,0,1,0
27,3,8.750524669117937,24,0,0,0,0,0,0,1,1,1,0,0,0,0,0,0,0,1,0,1,0,0
34,2,8.159374736775426,30,0,0,0,1,0,0,0,1,1,0,0,0,0,1,0,1,0,0,1,0,0
27,2,8.19118600464279,48,0,0,0,0,0,0,0,0,1,0,0,0,0,0,0,0,1,0,1,0,0
43,2,8.48528964240323,12,1,0,0,0,0,0,0,1,0,1,0,0,0,0,1,0,0,0,0,1,0
47,2,8.012018239159062,30,0,0,0,0,1,0,0,1,1,0,0,0,0,0,0,0,0,1,0,1,0
27,1,8.328209491748732,24,0,0,0,0,0,0,0,1,1,0,1,0,0,0,0,0,1,0,1,0,0
31,2,8.655562860681009,36,0,0,0,0,0,0,0,1,1,0,1,0,0,0,0,0,1,0,1,0,0
42,3,9.246286498749653,60,1,0,0,0,0,0,0,1,1,0,0,0,0,0,0,0,1,0,0,1,0
24,2,7.640123172695364,6,1,0,0,0,0,0,0,1,1,0,0,0,1,0,0,0,1,0,0,0,0
41,1,7.855544677915663,21,0,0,0,0,0,0,0,1,1,0,0,0,1,0,1,0,1,0,0,1,0
26,3,8.41847721847708,30,0,0,0,0,1,0,0,0,0,1,0,0,0,0,0,0,1,0,1,0,0
33,2,8.546751993657782,24,0,0,0,1,0,0,0,1,1,0,0,0,0,0,0,0,1,0,1,0,0
24,2,8.629628620746026,72,0,0,0,0,1,0,0,1,1,0,1,0,0,0,1,1,0,0,0,0,0
64,1,7.776535028185241,24,0,0,0,0,1,0,0,1,0,1,0,0,0,0,0,0,0,0,0,0,1
26,2,7.2813856635702825,18,0,0,0,0,1,0,0,0,1,0,0,0,0,0,0,0,1,0,1,0,0
56,2,7.338238150065589,6,0,0,1,0,0,0,0,0,1,0,0,0,0,0,0,0,1,0,0,1,0
37,2,7.731492029245684,12,0,0,0,0,1,0,0,1,0,0,0,1,0,0,0,0,1,0,0,1,0
33,2,7.298445101508147,15,0,0,0,0,1,0,0,1,1,0,0,0,0,0,0,0,1,0,1,0,0
47,2,8.537583881063972,24,0,0,0,0,1,0,0,1,0,0,0,0,0,0,0,0,1,0,0,1,0
31,1,9.19593714166544,36,0,0,0,0,0,0,0,1,1,0,1,0,0,0,0,1,0,0,1,0,0
34,2,8.783702698635217,60,1,0,0,0,0,0,0,1,0,0,0,1,0,0,0,0,1,0,1,0,0
27,2,7.205635176410364,10,0,0,0,0,1,0,0,1,1,0,0,1,0,0,0,0,0,1,1,0,0
30,2,7.959275960116396,36,1,0,0,0,0,0,0,1,0,0,1,0,0,0,0,1,0,0,1,0,0
35,2,7.920446505142607,9,0,0,0,0,1,0,0,1,1,0,1,0,0,0,0,0,1,0,1,0,0
31,2,8.202756381655638,12,1,0,0,0,0,0,0,1,1,0,0,0,0,1,0,0,0,0,1,0,0
25,2,6.882437470997847,15,0,0,0,1,0,0,0,1,1,0,0,0,0,0,0,0,0,0,0,0,0
25,1,7.875119281040293,15,0,0,0,0,0,1,0,0,1,0,1,0,0,0,0,1,0,0,0,0,0
29,2,7.971085753505607,24,0,0,0,0,1,0,0,1,1,0,1,0,0,0,0,1,0,0,1,0,0
44,1,8.458716261657262,6,1,0,0,0,0,0,0,1,1,0,0,1,0,0,0,0,0,0,0,1,0
28,2,7.7336835707759,24,0,0,0,0,1,0,0,1,1,0,0,0,0,0,0,0,1,0,1,0,0
50,2,7.119635638017636,6,1,0,0,0,0,0,0,1,0,1,0,0,1,0,0,0,1,0,0,1,0
29,2,7.005789019253503,12,0,0,0,0,1,0,0,1,1,0,0,0,0,0,0,1,0,0,1,0,0
38,0,6.8308742346461795,12,1,0,0,0,0,0,0,0,1,0,0,0,0,0,0,0,1,0,0,1,0
24,2,7.495541943884256,18,0,0,0,0,1,0,0,1,1,0,0,0,0,0,0,0,1,0,0,0,0
40,3,7.552237287560802,15,0,0,1,0,0,0,0,1,0,1,0,0,0,0,0,0,0,1,0,1,0
29,1,7.023758954738443,12,0,0,0,1,0,0,0,0,0,1,0,0,1,0,1,0,1,0,1,0,0
46,2,8.753213480544126,48,1,0,0,0,0,0,0,1,0,0,0,0,0,0,1,0,0,0,0,1,0
47,2,7.227662498728654,24,0,0,0,0,1,0,0,0,0,0,1,0,0,0,0,0,0,1,0,1,0
41,2,7.8252452914317745,30,0,0,0,0,0,0,0,1,1,0,1,0,0,0,0,1,0,0,0,1,0
32,2,7.8351837552667485,27,0,0,0,0,0,0,0,0,1,0,0,0,0,0,0,1,0,0,1,0,0
35,2,8.579980179515003,15,1,0,0,0,0,0,0,0,0,0,0,0,1,0,0,0,1,0,1,0,0
24,2,8.788745881938135,48,1,0,0,0,0,0,0,1,1,0,1,0,0,0,1,1,0,0,0,0,0
25,2,7.99598047476376,12,0,0,0,1,0,0,0,0,0,1,0,0,0,0,1,1,0,0,0,0,0
25,2,7.095064377287131,9,0,0,0,0,1,0,0,0,1,0,0,0,0,0,0,1,0,0,0,0,0
37,1,7.658227526161352,9,0,0,0,0,1,0,0,1,1,0,0,0,0,0,0,1,0,0,0,1,0
32,3,6.444131256700441,18,0,0,0,0,1,0,0,1,1,0,0,0,1,0,0,0,1,0,1,0,0
35,2,7.088408778675395,6,0,0,1,0,0,0,0,0,0,0,0,0,0,0,1,0,0,0,1,0,0
46,3,7.814399633804487,21,1,0,0,0,0,0,0,1,1,0,0,1,0,0,0,0,1,0,0,1,0
25,1,7.037027614686276,9,0,0,0,0,1,0,0,1,1,0,0,0,0,0,0,0,0,0,0,0,0
27,3,9.54873932271967,60,1,0,0,0,0,0,0,1,1,0,0,0,0,0,1,1,0,0,1,0,0
63,2,8.935377071932177,30,1,0,0,0,0,0,0,1,1,0,0,1,0,0,0,0,1,0,0,0,1
40,2,8.031710375322042,30,0,0,0,0,1,0,0,1,1,0,0,1,0,0,0,0,1,0,0,1,0
32,3,7.316548177182976,18,0,0,0,0,1,0,0,1,0,0,0,0,0,0,0,0,1,0,1,0,0
31,2,8.054522609537294,24,0,0,0,0,1,0,0,1,1,0,0,1,0,0,0,0,0,1,1,0,0
31,2,8.723882104658486,20,1,0,0,0,0,0,0,1,1,0,1,0,0,0,0,1,0,0,1,0,0
34,3,7.198183577101943,9,0,0,0,0,1,0,0,1,1,0,0,0,0,0,1,0,0,1,1,0,0
24,2,6.07073772800249,6,0,0,1,0,0,0,0,0,0,1,0,0,0,1,1,1,0,0,0,0,0
24,1,7.113142108707088,12,1,0,0,0,0,0,0,0,1,0,0,0,0,0,1,0,0,0,0,0,0
66,1,6.672032945461067,9,0,0,0,0,1,0,0,0,1,0,0,0,1,0,0,1,0,0,0,0,1
21,2,7.851661177889265,27,1,0,0,0,0,0,0,0,0,1,0,0,0,0,1,0,1,0,0,0,0
41,1,5.521460917862246,6,1,0,0,0,0,0,0,0,1,0,0,0,0,1,0,0,1,0,0,1,0
47,1,7.182352111885263,15,0,0,0,0,1,0,0,1,1,0,0,0,1,0,0,0,1,0,0,1,0
25,2,7.540090320145325,18,0,0,0,0,1,0,0,0,0,1,0,0,0,0,1,0,0,0,0,0,0
59,2,8.766550149546351,48,0,0,0,0,0,0,0,0,0,1,0,0,0,0,1,1,0,0,0,1,0
36,2,7.150701457592526,24,0,0,0,0,0,0,0,1,1,0,0,0,0,1,0,0,0,1,0,1,0
33,2,8.764521909518802,24,0,0,0,0,1,0,0,1,1,0,0,0,0,0,0,1,0,0,1,0,0
21,1,7.594381242551817,24,0,0,0,0,1,0,0,1,0,1,0,0,0,0,1,0,0,0,0,0,0
44,1,6.633318433280377,8,0,0,0,0,1,0,0,0,1,0,0,0,0,0,0,1,0,0,0,1,0
28,2,7.864419904994565,24,1,0,0,0,0,0,0,0,0,1,0,0,0,1,0,0,1,0,1,0,0
37,2,8.125630988477065,4,1,0,0,0,0,0,0,0,1,0,0,0,0,0,0,0,1,0,0,1,0
29,0,8.29154650988391,36,0,1,0,0,0,0,0,0,1,0,0,1,0,0,0,1,0,0,1,0,0
23,3,9.355306142226368,24,1,0,0,0,0,0,0,0,0,1,0,0,0,0,1,1,0,0,0,0,0
35,1,8.384804003370492,18,1,0,0,0,0,0,0,1,1,0,1,0,0,0,0,0,0,0,1,0,0
45,3,8.818926087090677,6,1,0,0,0,0,0,0,1,1,0,0,0,0,0,0,0,1,0,0,1,0
26,1,8.361708288575842,30,0,0,0,0,0,0,0,0,0,1,1,0,0,0,1,1,0,0,1,0,0
32,2,7.751475318021456,24,1,0,0,0,0,0,0,1,1,0,1,0,0,0,0,0,0,0,1,0,0
23,1,6.954638864880987,10,0,0,0,0,1,0,0,1,1,0,0,0,0,0,0,1,0,0,0,0,0
41,2,8.058327306580958,21,0,0,0,0,1,0,0,1,1,0,0,1,0,0,0,0,1,0,0,1,0
22,2,7.817222785508166,24,0,0,0,1,0,0,0,1,1,0,0,0,1,0,0,0,0,0,0,0,0
30,3,9.559517275737559,39,0,0,0,1,0,0,0,1,1,0,0,1,0,0,0,0,0,0,1,0,0
28,1,7.493873886783559,13,0,0,0,0,0,0,0,1,1,0,0,0,0,0,0,0,0,0,1,0,0
23,2,7.828436359157585,15,1,0,0,0,0,0,0,0,0,1,0,0,0,0,0,0,0,0,0,0,0
37,1,7.149916836132109,12,1,0,0,0,0,0,0,0,1,0,0,0,0,0,1,0,0,0,0,1,0
26,2,8.565602330623925,21,1,0,0,0,0,0,0,1,1,0,0,1,0,0,0,0,1,0,1,0,0
33,2,8.015987811027237,15,1,0,0,0,0,0,0,1,1,0,0,0,0,0,0,0,1,0,1,0,0
49,2,6.059123195581797,6,0,0,0,1,0,0,0,0,1,0,0,0,0,0,0,0,0,0,0,1,0
23,1,6.883462586413092,18,1,0,0,0,0,0,0,0,1,0,0,0,0,0,1,0,0,0,0,0,0
23,1,6.734591659972948,12,0,0,0,0,0,0,0,0,0,1,1,0,0,0,0,1,0,0,0,0,0
25,2,8.660600654710967,30,0,0,0,0,1,0,0,0,1,0,0,0,0,0,0,0,1,0,0,0,0
55,2,7.349230824613334,12,0,0,0,0,0,1,0,1,0,0,0,0,0,1,1,0,1,0,0,1,0
32,2,7.158513997329321,24,1,0,0,0,0,0,0,0,0,1,0,1,0,0,1,0,0,0,1,0,0
74,0,7.1693500166706,6,1,0,0,0,0,0,0,1,1,0,0,0,0,0,0,0,0,1,0,0,1
39,2,7.147559271189454,15,0,0,0,0,1,0,0,1,0,0,0,1,0,0,1,0,0,1,0,1,0
31,2,7.239214973779806,24,1,0,0,0,0,0,0,1,1,0,0,0,0,0,0,0,1,0,1,0,0
35,2,6.53813982376767,12,1,0,0,0,0,0,0,1,1,0,0,0,0,0,1,0,0,0,1,0,0
59,2,8.52615293278771,15,1,0,0,0,0,0,0,0,1,0,0,1,0,0,0,0,1,0,0,1,0
24,2,7.66105638236183,18,0,0,0,1,0,0,0,0,0,1,0,0,0,0,1,0,0,0,0,0,0
24,1,7.7025561132685825,12,0,0,0,0,1,0,0,1,1,0,0,0,0,0,0,0,0,0,0,0,0
30,3,9.447781227991216,21,1,0,0,0,0,0,0,1,0,0,0,1,0,0,1,0,1,0,1,0,0
27,2,7.809135398120538,24,1,0,0,0,0,0,0,1,1,0,1,0,0,0,0,0,1,0,1,0,0
40,1,7.051855622955894,12,0,0,0,0,1,0,0,1,1,0,0,0,0,0,0,1,0,0,0,1,0
31,1,8.041734711487537,30,0,0,0,1,0,0,0,1,1,0,0,0,0,0,1,0,0,0,1,0,0
31,2,7.972810784121404,10,1,0,0,0,0,0,0,0,0,1,0,1,0,0,0,0,1,0,1,0,0
28,2,8.193400231952097,12,0,0,0,1,0,0,0,1,0,1,0,0,0,0,0,1,0,0,1,0,0
63,1,7.411556287811163,12,0,0,0,0,1,0,0,1,1,0,0,0,0,0,0,0,1,0,0,0,1
26,2,7.941651252930556,24,1,0,0,0,0,0,0,0,0,1,0,1,0,0,0,0,0,0,1,0,0
25,3,8.99528899055931,36,0,0,1,0,0,0,0,0,1,0,0,0,0,0,1,0,0,0,0,0,0
36,3,8.094073148069352,21,1,0,0,0,0,0,0,1,1,0,0,0,0,0,0,0,1,0,0,1,0
52,2,7.706612913964197,24,0,0,0,0,1,0,0,1,1,0,1,0,0,0,0,0,1,0,0,1,0
66,0,7.299797366758161,12,1,0,0,0,0,0,0,1,0,0,0,0,1,0,0,0,0,1,0,0,1
25,2,7.223295679562314,24,1,0,0,0,0,0,0,0,0,1,0,1,0,0,1,0,0,0,0,0,0
37,2,8.170468578330674,36,1,0,0,0,0,0,0,1,1,0,0,0,0,0,0,0,1,0,0,1,0
25,2,8.163086375583216,18,0,0,0,0,1,0,0,0,1,0,0,0,0,0,0,0,0,0,0,0,0
38,3,8.650149418664864,36,1,0,0,0,0,0,0,1,1,0,0,0,0,1,0,0,1,0,0,1,0
67,2,8.261526448396468,18,0,0,0,0,0,1,0,0,1,0,0,0,0,0,0,1,0,0,0,0,1
25,2,8.503702601233739,39,0,0,0,0,1,0,0,1,1,0,0,0,0,0,1,1,0,0,0,0,0
60,2,7.570443252057374,24,1,0,0,0,0,0,0,1,1,0,0,0,0,1,0,0,1,0,0,1,0
31,1,7.251344983372214,12,0,0,1,0,0,0,0,1,1,0,0,0,0,0,0,1,0,0,1,0,0
23,1,6.728628613084702,12,1,0,0,0,0,0,0,0,1,0,1,0,0,0,1,1,0,0,0,0,0
60,3,8.774622220696997,20,1,0,0,0,0,0,0,1,1,0,0,1,0,0,0,1,0,0,0,1,0
35,1,7.57095858316901,18,0,0,0,0,0,0,0,1,1,0,0,0,0,1,0,1,0,0,1,0,0
40,2,7.891704659330107,22,0,0,0,0,1,0,0,1,1,0,0,0,1,0,0,0,1,0,0,1,0
38,2,7.919719760924575,48,1,0,0,0,0,0,0,1,1,0,0,1,0,0,0,0,1,0,0,1,0
50,2,8.736168065858228,48,0,0,1,0,0,0,0,1,0,0,0,0,0,0,1,1,0,0,0,1,0
27,2,8.699181359308954,40,0,0,1,0,0,0,0,1,1,0,0,0,0,0,1,0,0,0,1,0,0
39,2,7.080026499922591,21,0,0,0,0,0,0,0,0,1,0,0,0,0,0,1,1,0,0,0,1,0
41,3,8.750366278367625,24,1,0,0,0,0,0,0,1,1,0,0,1,0,0,0,0,1,0,0,1,0
27,2,7.107425474110705,6,0,0,0,1,0,0,0,1,1,0,0,1,0,0,0,0,1,0,1,0,0
51,2,7.969703583278656,24,0,0,0,1,0,0,0,1,0,0,0,0,0,0,0,0,0,1,0,1,0
32,2,8.026823576217629,24,0,0,0,1,0,0,0,1,0,1,0,0,1,0,0,0,1,0,1,0,0
22,2,7.741099090035366,9,0,0,0,1,0,0,0,0,0,1,1,0,0,0,0,0,1,0,0,0,0
51,2,8.924123891686012,18,1,0,0,0,0,0,0,1,0,0,0,1,0,0,1,0,0,0,0,1,0
22,1,7.1372784372603855,12,0,0,0,1,0,0,0,0,0,1,0,0,0,0,0,0,1,0,0,0,0
54,2,6.57507584059962,24,1,0,0,0,0,0,0,1,1,0,0,1,0,0,0,0,1,0,0,1,0
35,0,7.3453648404168685,9,1,0,0,0,0,0,0,1,1,0,0,1,0,0,0,1,0,0,1,0,0
54,2,7.3758821482150125,24,0,0,1,0,0,0,0,1,0,0,0,0,0,0,0,0,1,0,0,1,0
48,1,7.492760300922379,18,0,0,0,0,1,0,0,0,0,1,0,0,0,0,0,1,0,0,0,1,0
24,2,8.35983738064003,20,0,0,0,1,0,0,0,0,1,0,0,0,0,0,0,0,0,0,0,0,0
35,2,6.883462586413092,12,0,0,0,0,1,0,0,1,1,0,0,1,0,0,0,0,1,0,1,0,0
24,0,8.918917979908679,12,1,0,0,0,0,0,0,0,0,1,0,1,0,0,0,1,0,0,0,0,0
24,2,9.134646527606982,36,1,0,0,0,0,0,0,1,1,0,0,0,0,0,1,0,0,0,0,0,0
26,1,6.380122536899765,6,0,0,0,0,1,0,0,1,1,0,0,0,0,0,0,1,0,0,1,0,0
65,2,6.835184586147301,12,0,0,0,0,1,0,0,1,1,0,0,1,0,0,0,0,1,0,0,0,1
55,3,9.135940049399933,42,1,0,0,0,0,0,0,1,0,0,0,0,0,0,0,1,0,0,0,1,0
26,0,7.48324441607385,15,1,0,0,0,0,0,0,0,0,1,0,0,0,0,1,1,0,0,1,0,0
26,2,6.810142450115136,8,0,0,0,0,0,0,0,1,1,0,0,0,0,0,0,1,0,0,1,0,0
28,1,6.182084906716632,6,0,0,0,0,1,0,0,1,1,0,0,0,0,0,0,1,0,0,1,0,0
24,2,9.172534657240284,36,1,0,0,0,0,0,0,1,1,0,0,0,0,0,1,0,0,0,0,0,0
54,2,8.02322468471667,48,0,1,0,0,0,0,0,1,1,0,0,0,0,0,1,0,0,0,0,1,0
46,2,8.27664912542186,48,1,0,0,0,0,0,0,1,0,0,0,0,0,0,1,0,0,0,0,1,0
54,2,8.913550280493675,36,1,0,0,0,0,0,0,0,0,1,0,0,0,0,0,1,0,0,0,1,0
62,2,7.198931240688173,6,0,1,0,0,0,0,0,1,1,0,0,0,1,0,0,0,1,0,0,0,1
24,2,7.348587530927593,6,0,0,0,0,1,0,0,0,0,1,0,0,0,0,0,0,1,0,0,0,0
43,3,9.671366322189568,36,0,0,0,0,0,0,1,1,1,0,0,0,0,0,0,0,0,0,0,1,0
26,2,7.20414929203594,18,0,0,0,0,1,0,0,1,1,0,0,0,0,0,1,0,0,0,1,0,0
27,2,7.00397413672268,12,1,0,0,0,0,0,0,1,1,0,0,0,0,0,0,0,1,0,1,0,0
24,2,8.011686729127847,12,0,0,0,0,1,0,0,1,1,0,0,0,0,0,0,0,0,1,0,0,0
41,2,7.905441649060286,36,0,0,0,1,0,0,0,1,1,0,0,0,0,0,1,0,0,0,0,1,0
47,1,6.594413459749778,8,1,0,0,0,0,0,0,1,1,0,0,0,0,0,0,0,0,0,0,1,0
35,3,8.237479288613633,18,0,0,0,1,0,0,0,1,1,0,0,0,0,0,0,0,1,0,1,0,0
30,2,7.379008127628304,21,1,0,0,0,0,0,0,1,1,0,0,0,0,0,0,0,0,0,1,0,0
33,2,8.285513309079741,18,1,0,0,0,0,0,0,0,0,1,0,0,0,0,1,0,0,0,1,0,0
36,2,8.334471554600944,18,0,0,0,0,0,0,0,1,1,0,0,0,0,0,1,0,1,0,0,1,0
47,2,9.028218795184895,36,1,0,0,0,0,0,0,1,0,0,0,1,0,0,1,0,0,0,0,1,0
38,2,8.807022955925477,48,0,0,0,0,0,0,0,1,0,0,0,1,0,0,0,1,0,0,0,1,0
44,2,7.772752716468742,24,0,0,0,0,0,0,0,1,1,0,0,0,1,0,0,0,1,0,0,1,0
23,2,7.103322062526113,18,1,0,0,0,0,0,0,0,0,1,0,0,0,0,1,0,0,0,0,0,0
29,2,9.377209824211215,45,0,0,0,0,0,0,0,1,0,1,0,0,0,0,1,0,0,0,1,0,0
42,2,8.533853632309345,24,0,0,0,0,1,0,0,0,1,0,0,1,0,0,0,1,0,0,0,1,0
25,1,7.752335163302292,15,0,0,0,0,1,0,0,0,1,0,0,0,0,0,1,0,0,1,0,0,0
48,2,6.9865664594064265,12,1,0,0,0,0,0,0,1,1,0,0,0,0,0,1,0,0,0,0,1,0
21,2,6.786716950605081,12,0,0,0,0,1,0,0,0,1,0,0,1,0,0,0,0,1,0,0,0,0
23,1,6.398594934535208,4,0,0,0,1,0,0,0,0,0,1,0,0,0,0,0,0,1,0,0,0,0
63,2,7.9919305198524775,24,1,0,0,0,0,0,0,1,1,0,0,0,0,0,0,0,0,0,0,0,1
46,2,7.8674885686991285,24,0,0,0,0,1,0,0,1,1,0,0,0,0,0,0,0,1,0,0,1,0
29,2,8.552367266423891,36,0,0,0,1,0,0,0,1,1,0,0,0,0,0,1,0,0,0,1,0,0
28,1,8.0040315078527,21,1,0,0,0,0,0,0,1,1,0,0,0,0,0,0,0,1,0,1,0,0
23,2,7.57198844937744,18,0,0,0,0,0,1,0,0,1,0,0,0,0,0,1,0,1,0,0,0,0
50,2,7.351799869057777,24,0,0,0,0,0,0,0,1,1,0,0,0,0,0,0,0,1,0,0,1,0
47,2,8.137980454452139,18,0,0,0,1,0,0,0,1,1,0,0,0,0,0,0,0,1,0,0,1,0
35,2,8.288031567776464,21,0,0,0,1,0,0,0,1,1,0,0,1,0,0,0,1,0,0,1,0,0
68,2,8.818926087090677,18,1,0,0,0,0,0,0,1,0,1,0,1,0,0,1,0,1,0,0,0,1
28,2,7.130098510125578,24,1,0,0,0,0,0,0,1,1,0,0,0,0,0,0,0,1,0,1,0,0
59,2,7.218176838403408,9,0,0,0,0,1,0,0,1,1,0,0,0,0,0,0,0,0,0,0,1,0
57,1,6.5638555265321274,12,0,0,0,0,1,0,0,1,1,0,0,0,0,0,1,0,0,0,0,1,0
33,2,7.711996507047669,20,1,0,0,0,0,0,0,1,0,1,0,0,0,0,1,0,0,0,1,0,0
43,2,8.304494897963567,24,1,0,0,0,0,0,0,1,1,0,0,1,0,0,0,0,1,0,0,1,0
35,2,7.293697720601438,15,0,0,0,0,1,0,0,1,0,0,0,0,0,0,0,0,1,0,1,0,0
32,1,7.273786317844895,18,1,0,0,0,0,0,0,1,0,0,0,0,0,0,1,0,0,0,1,0,0
45,2,9.294221855956884,36,1,0,0,0,0,0,0,1,1,0,0,0,0,0,0,0,1,0,0,1,0
33,2,7.295735072749282,24,1,0,0,0,0,0,0,1,1,0,1,0,0,0,0,0,1,0,1,0,0
40,2,6.795705775173514,10,0,0,1,0,0,0,0,0,1,0,0,1,0,0,0,0,1,0,0,1,0
28,2,8.114623886420098,15,0,0,0,1,0,0,0,1,0,0,0,0,0,0,0,0,1,0,1,0,0
29,2,8.28374674710613,15,1,0,0,0,0,0,0,0,1,0,0,0,0,0,1,0,0,0,1,0,0
26,2,8.182279739259018,9,1,0,0,0,0,0,0,1,0,1,1,0,0,0,0,0,1,0,1,0,0
27,2,8.666302614004078,24,1,0,0,0,0,0,0,1,1,0,0,0,0,1,0,0,1,0,1,0,0
28,2,7.682021510826875,18,0,0,0,0,0,0,0,1,1,0,0,0,0,0,1,0,1,0,1,0,0
35,2,7.79934339821592,24,0,0,0,0,1,0,0,0,1,0,0,0,0,0,1,0,0,0,1,0,0
32,1,8.417593826193484,27,0,0,0,1,0,0,0,1,1,0,0,0,0,1,0,0,1,0,1,0,0
25,1,7.700747794511798,10,0,0,0,1,0,0,0,1,0,1,0,0,0,0,1,0,1,0,0,0,0
20,2,7.7057128238944275,15,0,0,0,1,0,0,0,0,0,1,0,0,1,0,0,0,1,0,0,0,0
27,2,7.77863014732581,18,0,0,0,0,1,0,0,0,1,0,0,0,0,0,0,0,0,0,1,0,0
42,2,8.11102783819368,12,0,0,0,1,0,0,0,1,1,0,0,0,0,0,0,0,1,0,0,1,0
37,2,8.910450756416656,36,0,0,0,0,0,0,0,1,1,0,0,1,0,0,0,0,1,0,0,1,0
24,2,6.480044561926653,12,0,0,0,1,0,0,0,0,0,1,0,0,0,0,0,0,0,0,0,0,0
40,2,8.946114375560743,36,0,0,0,1,0,0,0,0,1,0,0,0,1,0,0,0,1,0,0,1,0
46,2,7.202661196523238,6,1,0,0,0,0,0,0,1,1,0,0,0,0,0,0,0,0,1,0,1,0
26,2,7.231287004327616,24,0,0,0,0,0,0,0,1,1,0,1,0,0,0,0,0,0,0,1,0,0
24,2,6.773080375655535,15,0,1,0,0,0,0,0,0,1,0,0,1,0,0,0,0,1,0,0,0,0
29,1,8.185907481482324,12,0,0,0,1,0,0,0,1,1,0,0,0,0,0,0,0,0,0,1,0,0
40,2,7.186901020411631,11,1,0,0,0,0,0,0,0,1,0,0,0,0,1,0,1,0,0,0,1,0
36,3,7.570443252057374,18,0,0,0,0,1,0,0,1,0,0,0,0,0,0,0,0,0,0,0,1,0
28,2,8.187299270155147,36,0,0,0,0,1,0,0,1,1,0,0,0,0,0,0,0,1,0,1,0,0
27,3,7.259819610363186,9,1,0,0,0,0,0,0,1,0,0,0,0,0,0,1,0,0,0,1,0,0
36,2,8.816111895794005,30,0,0,0,0,1,0,0,1,1,0,0,1,0,0,0,0,1,0,0,1,0
38,3,8.963672275615016,24,1,0,0,0,0,0,0,1,1,0,0,0,0,0,0,0,1,0,0,1,0
48,2,9.135293497653272,24,1,0,0,0,0,0,0,1,0,0,0,1,0,0,0,0,1,0,0,1,0
36,2,7.687538766201629,30,1,0,0,0,0,0,0,1,1,0,0,1,0,0,0,1,0,0,0,1,0
65,0,7.001245622069476,18,0,0,0,0,1,0,0,0,1,0,0,0,0,0,0,0,1,0,0,0,1
43,2,8.308199063206446,24,0,0,0,1,0,0,0,1,1,0,0,0,0,0,1,1,0,0,0,1,0
53,2,6.678342114654332,12,0,0,1,0,0,0,0,0,1,0,0,0,0,0,1,0,0,0,0,1,0
34,2,7.946263643580541,24,0,0,0,0,0,0,0,1,1,0,0,1,0,0,0,1,0,0,1,0,0
23,2,9.659630959624376,48,0,0,0,0,0,0,0,1,1,0,0,0,0,0,1,1,0,0,0,0,0
34,3,8.796943893541737,36,1,0,0,0,0,0,0,1,1,0,0,0,0,0,0,0,1,0,1,0,0
40,2,8.964951211714654,28,1,0,0,0,0,0,0,1,0,1,0,1,0,0,0,0,1,0,0,1,0
43,3,7.80057265467065,27,0,0,0,0,0,0,0,1,1,0,0,0,0,0,0,0,0,0,0,1,0
46,2,7.511524648390866,15,0,0,0,0,1,0,0,1,1,0,0,0,0,0,0,0,1,0,0,1,0
38,1,7.682943169878292,12,1,0,0,0,0,0,0,1,1,0,0,0,0,0,0,0,0,0,0,1,0
34,2,8.66561319653451,36,1,0,0,0,0,0,0,1,1,0,0,0,0,0,0,1,0,0,1,0,0
29,2,7.063903961472068,18,0,0,0,0,1,0,0,1,1,0,0,1,0,0,0,0,1,0,1,0,0
31,3,9.099073559547596,36,1,0,0,0,0,0,0,1,1,0,0,1,0,0,0,0,1,0,1,0,0
28,3,7.8655717576847906,21,0,0,0,0,1,0,0,0,0,1,0,0,0,0,0,0,0,0,1,0,0
35,2,7.3727463664043285,12,0,0,0,1,0,0,0,0,1,0,0,0,0,1,0,0,1,0,1,0,0
33,1,7.689828668736484,15,0,0,0,1,0,0,0,0,0,1,0,1,0,0,0,0,1,0,1,0,0
42,2,8.331586243630754,18,0,0,0,1,0,0,0,1,1,0,0,0,0,0,1,0,0,0,0,1,0
43,2,7.872836175025724,16,1,0,0,0,0,0,0,1,0,1,0,0,0,0,1,0,0,0,0,1,0
44,2,8.156223323194624,20,1,0,0,0,0,0,0,1,1,0,0,1,0,0,0,0,1,0,0,1,0
42,2,9.256937657352966,36,1,0,0,0,0,0,0,1,0,0,0,1,0,0,0,0,1,0,0,1,0
40,2,7.234177179749849,15,0,0,0,0,1,0,0,1,0,1,0,1,0,0,0,0,1,0,0,1,0
36,3,7.15305163493748,24,0,0,0,0,1,0,0,1,1,0,0,0,0,0,0,0,1,0,0,1,0
20,3,7.009408932708637,12,0,0,0,0,1,0,0,1,0,1,0,0,0,0,0,0,0,0,0,0,0
24,1,8.232971790593437,21,1,0,0,0,0,0,0,1,1,0,0,1,0,0,0,0,0,0,0,0,0
27,2,8.219056661060598,36,0,0,1,0,0,0,0,1,1,0,0,1,0,0,0,1,0,0,1,0,0
46,1,8.187021067343505,15,1,0,0,0,0,0,0,0,1,0,0,0,0,0,0,0,1,0,0,1,0
33,1,8.069342366811636,9,1,0,0,0,0,0,0,0,1,0,0,1,0,0,0,1,0,0,1,0,0
34,2,8.401557847817314,36,0,0,0,0,1,0,0,0,1,0,0,0,0,0,0,0,1,0,1,0,0
25,1,8.462948176563842,24,0,0,0,1,0,0,0,0,1,0,0,0,0,0,1,1,0,0,0,0,0
25,2,8.003363058629947,30,0,0,0,0,1,0,0,0,1,0,0,1,0,0,0,1,0,0,0,0,0
28,2,7.669495251007694,11,0,0,0,0,0,0,0,1,1,0,0,0,0,1,0,0,1,0,1,0,0
31,2,8.058643712215618,24,0,0,0,0,0,0,0,1,0,1,0,0,0,0,1,0,0,0,1,0,0
32,3,9.82140944150052,48,0,0,0,0,0,0,1,0,1,0,0,0,0,0,1,1,0,0,1,0,0
32,2,7.954372272531867,10,1,0,0,0,0,0,0,1,1,0,1,0,0,0,0,0,1,0,1,0,0
68,3,9.608847999516849,6,1,0,0,0,0,0,0,1,1,0,0,0,0,0,1,0,0,0,0,0,1
33,2,7.765993079407675,24,0,0,0,1,0,0,0,1,1,0,1,0,0,0,1,0,0,0,1,0,0
39,3,8.11522197256233,24,0,0,0,1,0,0,0,1,0,1,0,0,0,0,1,0,0,0,0,1,0
28,2,7.504942068396171,18,0,0,0,1,0,0,0,0,1,0,0,0,0,0,0,0,1,0,1,0,0
37,3,9.453208116138121,48,0,0,0,0,1,0,0,1,1,0,0,0,1,0,0,0,1,0,0,1,0
22,2,7.2196420401307355,9,0,0,0,0,1,0,0,0,0,1,0,0,0,0,1,0,0,0,0,0,0
30,2,7.601901959875166,12,1,0,0,0,0,0,0,1,0,1,0,0,0,0,0,1,0,0,1,0,0
55,2,8.835210463664092,24,0,0,0,1,0,0,0,1,1,0,0,0,0,0,1,0,0,0,0,1,0
46,2,6.546785410760524,12,1,0,0,0,0,0,0,1,1,0,0,0,0,0,1,0,0,0,0,1,0
21,2,6.955592608396297,18,0,0,0,1,0,0,0,0,0,1,0,0,0,0,0,0,0,0,0,0,0
39,2,9.239607869656751,48,1,0,0,0,0,0,0,1,0,0,0,0,0,0,1,0,0,0,0,1,0
58,2,7.532088143541722,30,0,0,0,0,1,0,0,1,1,0,0,1,0,0,0,0,1,0,0,1,0
43,1,7.203405521083095,12,1,0,0,0,0,0,0,1,1,0,0,0,0,0,0,0,0,0,0,1,0
24,1,7.465655310134056,24,0,0,0,1,0,0,0,1,1,0,0,0,0,0,0,0,0,0,0,0,0
22,2,7.4205789054108005,9,0,0,0,0,1,0,0,0,1,0,0,0,0,0,1,1,0,0,0,0,0
30,2,7.1098794630722715,9,1,0,0,0,0,0,0,1,1,0,0,0,0,0,0,0,1,0,1,0,0
42,2,6.257667587882639,12,0,0,0,0,1,0,0,1,1,0,0,0,1,0,0,0,1,0,0,1,0
23,2,7.311886164077165,12,0,0,0,0,1,0,0,0,1,0,0,0,0,0,0,0,0,0,0,0,0
30,3,7.5595594960077,30,0,0,0,0,1,0,0,1,1,0,1,0,0,0,1,1,0,0,1,0,0
28,1,6.61338421837956,9,0,0,0,0,1,0,0,0,1,0,0,0,0,0,1,0,0,1,1,0,0
30,3,7.631916513071252,6,0,0,0,0,1,0,0,1,0,1,0,0,0,0,0,1,0,0,1,0,0
42,2,8.746398334109042,60,0,0,1,0,0,0,0,1,0,0,0,0,0,0,1,1,0,0,0,1,0
46,3,8.830835365537549,24,1,0,0,0,0,0,0,1,1,0,0,1,0,0,0,0,1,0,0,1,0
45,3,8.168202930236053,12,1,0,0,0,0,0,0,1,1,0,0,1,0,0,0,0,1,0,0,1,0
31,1,7.343426229147367,10,1,0,0,0,0,0,0,1,1,0,0,0,0,0,0,0,1,0,1,0,0
31,2,6.834108738813838,24,0,0,0,1,0,0,0,1,1,0,0,1,0,0,0,0,1,0,1,0,0
42,1,7.282761179605593,4,1,0,0,0,0,0,0,1,1,0,0,0,0,0,0,0,1,0,0,1,0
46,2,7.520234556474628,15,0,0,0,1,0,0,0,0,0,1,0,0,0,0,0,0,0,0,0,1,0
30,2,9.03097444300786,48,1,0,0,0,0,0,0,0,1,0,0,0,1,0,0,1,0,0,1,0,0
30,2,8.116417072794205,24,0,0,0,1,0,0,0,1,0,0,0,0,1,0,1,0,0,0,1,0,0
38,3,7.958227192322312,12,1,0,0,0,0,0,0,1,1,0,0,1,0,0,0,0,1,0,0,1,0
43,1,7.334981878871814,18,0,0,0,1,0,0,0,1,1,0,0,0,0,0,1,0,1,0,0,1,0
31,2,8.19450550976564,24,0,0,0,0,1,0,0,1,1,0,1,0,0,0,1,0,1,0,1,0,0
40,0,8.185907481482324,18,0,0,0,0,0,0,0,1,1,0,0,0,0,0,0,1,0,0,0,1,0
24,2,7.6708948313621175,36,0,0,0,0,0,0,0,1,1,0,0,0,0,0,1,0,0,0,0,0,0
28,2,8.321907968230423,24,1,0,0,0,0,0,0,0,0,1,0,0,1,0,1,1,0,0,1,0,0
26,3,9.30328411761892,36,0,0,0,1,0,0,0,0,1,0,0,0,0,0,1,0,1,0,1,0,0
29,2,7.545918151209323,12,1,0,0,0,0,0,0,0,1,0,0,0,0,0,0,0,0,0,1,0,0
57,3,7.115582126184454,24,0,0,0,0,1,0,0,0,0,1,0,0,0,1,0,0,0,0,0,1,0
49,1,8.204124932574041,30,0,0,0,0,1,0,0,1,1,0,0,1,0,0,0,0,0,1,0,1,0
37,1,7.050989447068045,9,0,0,0,0,1,0,0,1,1,0,0,0,0,0,0,1,0,0,0,1,0
45,1,8.295548516225763,28,1,0,0,0,0,0,0,1,1,0,0,0,0,0,1,0,0,0,0,1,0
30,2,8.029107054619736,24,0,0,0,1,0,0,0,1,0,0,1,0,0,0,0,1,0,0,1,0,0
30,2,7.461640392208575,6,0,0,0,0,1,0,0,1,0,1,0,0,0,0,0,0,1,0,1,0,0
47,2,7.763446388727362,21,1,0,0,0,0,0,0,1,1,0,0,0,0,0,0,1,0,0,0,1,0
29,2,8.176391596633795,15,1,0,0,0,0,0,0,1,1,0,0,1,0,0,0,0,1,0,1,0,0
35,2,7.781973234434385,24,0,0,0,0,1,0,0,1,1,0,0,0,1,0,1,0,1,0,1,0,0
22,1,6.118097198041348,6,0,0,0,0,0,1,0,1,1,0,0,0,0,0,0,1,0,0,0,0,0
26,2,7.44716835960004,30,0,0,0,0,1,0,0,0,1,0,0,1,0,0,0,1,0,0,1,0,0
23,1,7.832014180505469,27,0,0,0,0,1,0,0,1,1,0,0,0,1,0,1,1,0,0,0,0,0
54,3,8.1797604936999,15,0,0,0,0,1,0,0,0,0,1,0,0,0,0,0,0,1,0,0,1,0
29,2,8.8771028978649,42,0,0,0,0,1,0,0,1,0,1,0,1,0,0,0,0,1,0,1,0,0
40,1,8.278682162970906,11,1,0,0,0,0,0,0,1,1,0,0,0,0,0,0,0,0,0,0,1,0
22,2,7.322510433997394,15,0,0,0,0,0,1,0,1,1,0,1,0,0,0,0,1,0,0,0,0,0
43,1,8.9082888855571,24,1,0,0,0,0,0,0,1,1,0,0,0,0,0,0,0,1,0,0,1,0
29,0,7.084226422097916,24,1,0,0,0,0,0,0,0,0,1,0,0,0,0,1,0,0,0,1,0,0
36,2,8.89521858376562,60,0,0,0,0,0,0,0,1,0,1,0,0,0,0,1,0,0,0,0,1,0
33,2,7.9483852851118995,30,0,0,0,0,1,0,0,0,1,0,0,0,0,0,0,0,1,0,1,0,0
57,1,7.1372784372603855,24,0,0,0,0,1,0,0,0,1,0,0,0,1,0,0,0,0,1,0,1,0
64,2,6.6240652277998935,6,0,0,0,0,1,0,0,0,1,0,0,0,0,0,0,1,0,0,0,0,1
42,2,7.794411205726601,18,0,0,0,0,0,0,0,1,1,0,0,1,0,0,0,1,0,0,0,1,0
47,1,7.839131648274333,24,1,0,0,0,0,0,0,1,1,0,0,0,0,0,1,0,1,0,0,1,0
25,2,7.142036574706803,15,1,0,0,0,0,0,0,1,0,1,1,0,0,0,1,1,0,0,0,0,0
49,2,9.034318927730707,30,0,0,0,1,0,0,0,1,1,0,0,0,0,0,1,1,0,0,0,1,0
33,3,8.485496104672983,48,0,0,0,0,0,0,0,1,0,1,0,0,0,0,1,0,1,0,1,0,0
28,3,7.980365765111246,21,1,0,0,0,0,0,0,0,1,0,1,0,0,0,0,0,0,1,1,0,0
26,2,9.015419779605713,36,1,0,0,0,0,0,0,1,1,0,0,0,0,0,1,0,0,0,1,0,0
30,1,7.614805364711073,24,0,0,0,1,0,0,0,1,1,0,0,0,0,0,0,0,1,0,1,0,0
25,2,7.267525427828172,15,0,0,0,1,0,0,0,0,0,1,0,0,0,0,0,0,0,0,0,0,0
33,2,8.746557354543503,42,0,0,0,0,0,0,0,1,1,0,0,0,0,0,0,0,0,1,1,0,0
64,2,7.25063551189868,13,0,0,0,0,1,0,0,0,1,0,1,0,0,0,0,0,1,0,0,0,1
29,3,8.791638037085997,24,1,0,0,0,0,0,0,1,0,0,0,0,0,0,0,0,0,0,1,0,0
48,1,7.463363045520021,24,0,0,0,0,1,0,0,1,1,0,0,0,0,0,0,1,0,0,0,1,0
37,1,8.178919332848396,12,0,0,1,0,0,0,0,1,1,0,0,1,0,0,0,0,1,0,0,1,0
34,1,7.358193752733032,15,0,0,0,0,1,0,0,1,1,0,1,0,0,0,0,0,1,0,1,0,0
23,1,7.568379267836522,18,0,0,0,0,1,0,0,1,0,1,0,1,0,0,0,0,0,0,0,0,0
30,3,8.28374674710613,36,0,0,0,1,0,0,0,1,1,0,0,0,0,0,0,0,0,0,1,0,0
50,2,7.779048644925556,12,1,0,0,0,0,0,0,1,1,0,0,1,0,0,0,0,1,0,0,1,0
31,1,7.459338895220296,12,0,0,0,1,0,0,0,0,1,0,0,0,0,0,0,0,1,0,1,0,0
40,3,8.257644958208228,30,1,0,0,0,0,0,0,1,1,0,0,0,0,0,0,0,0,0,0,1,0
38,2,6.6895992691789665,12,0,0,0,0,1,0,0,1,1,0,0,0,0,0,0,0,1,0,0,1,0
23,2,7.520234556474628,45,0,0,0,0,1,0,0,1,0,0,0,0,0,0,1,0,0,0,0,0,0
27,2,8.428580533059634,45,1,0,0,0,0,0,0,1,1,0,1,0,0,0,0,1,0,0,1,0,0
